Node,Centrality
record,0.00145602795573675
date,0.008153756552125802
210,0.0020384391380314504
##5,0.011648223645894
01,0.00553290623179965
17,0.008736167734420501
sd,0.0017472335468841002
##u,0.0157251019219569
##ea,0.0023296447291788003
##m,0.039021549213744906
j,0.00786255096097845
##ar,0.005824111822947
ad,0.010192195690157252
##mi,0.0052417006406523005
##ss,0.0020384391380314504
##ion,0.017181129877693654
##te,0.015433896330809552
pa,0.004659289458357601
##ti,0.009900990099009901
##en,0.010774606872451952
##t,0.0634828188701223
fred,0.0008736167734420501
##rick,0.0008736167734420501
walter,0.0005824111822947001
mr,0.015433896330809552
73,0.0026208503203261502
##9,0.009609784507862552
##48,0.0011648223645894002
##nd,0.0034944670937682005
##ing,0.014560279557367502
u,0.027955736750145604
##r,0.039021549213744906
##win,0.0005824111822947001
oro,0.0008736167734420501
##sco,0.0017472335468841002
pc,0.006697728596389051
##p,0.030285381479324403
tara,0.0005824111822947001
phi,0.0005824111822947001
##pps,0.0005824111822947001
fa,0.0017472335468841002
##l,0.05329062317996506
##y,0.035235876528829355
co,0.023878858474082703
##nt,0.010192195690157252
##ac,0.00553290623179965
wife,0.0032032615026208505
francis,0.0005824111822947001
##ca,0.004659289458357601
duo,0.0017472335468841002
##ng,0.006697728596389051
c,0.052417006406523005
51,0.0026208503203261502
##6,0.016598718695398952
53,0.0026208503203261502
##2,0.023296447291788
09,0.008153756552125802
##45,0.0011648223645894002
h,0.07192778101339546
55,0.004076878276062901
##3,0.012230634828188702
59,0.0037856726849155504
##4,0.010483401281304601
221,0.0011648223645894002
##7,0.015142690739662202
##o,0.028246942341292953
##ur,0.0034944670937682005
##ce,0.008736167734420501
pat,0.00553290623179965
##ient,0.00553290623179965
ph,0.004076878276062901
##ys,0.009900990099009901
##ici,0.0026208503203261502
##an,0.0011648223645894002
pass,0.0020384391380314504
##de,0.007571345369831101
st,0.014560279557367502
##at,0.006406523005241701
##us,0.014560279557367502
f,0.027955736750145604
##ll,0.0017472335468841002
##e,0.04688410017472336
05,0.00553290623179965
r,0.039603960396039604
##so,0.0029120559114735
##n,0.036983110075713456
##or,0.014269073966220153
n,0.0337798485730926
##st,0.006115317414094351
##em,0.006697728596389051
##i,0.026499708794408855
##wai,0.0005824111822947001
##ting,0.0032032615026208505
cardiac,0.008736167734420501
cat,0.006697728596389051
##he,0.0017472335468841002
##ter,0.004076878276062901
##ization,0.0052417006406523005
cc,0.010192195690157252
male,0.004076878276062901
w,0.050378567268491554
type,0.0029120559114735
2,0.06523005241700641
##yper,0.0026208503203261502
##lip,0.0011648223645894002
##ide,0.00786255096097845
##mia,0.0110658124635993
positive,0.006697728596389051
family,0.004076878276062901
history,0.015433896330809552
ca,0.010192195690157252
##d,0.046301688992428654
##x,0.027955736750145604
x,0.011939429237041351
##rt,0.0029120559114735
chest,0.012521840419336051
ho,0.0008736167734420501
##g,0.0314502038439138
##kin,0.0011648223645894002
l,0.06202679091438556
##ymph,0.0017472335468841002
##oma,0.004368083867210251
p,0.08969132207338382
hp,0.007571345369831101
pleasant,0.0023296447291788003
risk,0.0032032615026208505
factors,0.0011648223645894002
recently,0.0032032615026208505
diagnosed,0.0037856726849155504
##id,0.02009318578916715
##dm,0.0011648223645894002
extensive,0.0011648223645894002
well,0.010483401281304601
presents,0.007280139778683751
pain,0.03348864298194525
found,0.00553290623179965
mode,0.0017472335468841002
##sto,0.0017472335468841002
state,0.0011648223645894002
hospital,0.006988934187536401
ms,0.006115317414094351
##h,0.036983110075713456
transferred,0.006697728596389051
ss,0.0026208503203261502
woke,0.0011648223645894002
1,0.056785090273733255
16,0.012230634828188702
intermittent,0.0011648223645894002
##tu,0.0005824111822947001
##ttering,0.0005824111822947001
pressure,0.0017472335468841002
like,0.004368083867210251
sub,0.006406523005241701
##ster,0.00145602795573675
##nal,0.008736167734420501
rating,0.0005824111822947001
7,0.023878858474082703
10,0.03640069889341876
lasting,0.0017472335468841002
15,0.011357018054746652
minutes,0.004659289458357601
45,0.004076878276062901
active,0.0049504950495049506
walking,0.0023296447291788003
exercises,0.0005824111822947001
gardening,0.0005824111822947001
experienced,0.0011648223645894002
radiated,0.0005824111822947001
left,0.011939429237041351
arm,0.004368083867210251
jaw,0.00145602795573675
shoulder,0.00145602795573675
causing,0.0005824111822947001
throat,0.0029120559114735
tight,0.0005824111822947001
##ness,0.013104251601630751
denied,0.0011648223645894002
associated,0.0034944670937682005
##b,0.027955736750145604
##oe,0.0034944670937682005
di,0.026499708794408855
##aph,0.0008736167734420501
##ores,0.0005824111822947001
##is,0.017181129877693654
##al,0.025334886429819452
##pit,0.0017472335468841002
##ations,0.0037856726849155504
fever,0.0037856726849155504
##s,0.08532323820617356
chill,0.0008736167734420501
v,0.0180547466511357
constitutional,0.0011648223645894002
symptoms,0.00902737332556785
took,0.0017472335468841002
##a,0.0361094933022714
81,0.0049504950495049506
##1,0.016598718695398952
called,0.0017472335468841002
presented,0.005824111822947
e,0.0442632498543972
vital,0.0020384391380314504
follows,0.0017472335468841002
##f,0.023587652882935354
109,0.0005824111822947001
bp,0.015142690739662202
169,0.0011648223645894002
248,0.0011648223645894002
##k,0.009609784507862552
demonstrated,0.0011648223645894002
sin,0.0029120559114735
ta,0.004659289458357601
##chy,0.00145602795573675
##card,0.00145602795573675
##ia,0.013395457192778102
104,0.0011648223645894002
##pm,0.004076878276062901
depression,0.004368083867210251
received,0.004076878276062901
##phine,0.0005824111822947001
mg,0.014560279557367502
iv,0.015142690739662202
325,0.0023296447291788003
sl,0.004076878276062901
lo,0.0052417006406523005
##press,0.0011648223645894002
5,0.041933605125218404
3,0.04746651135701806
resolved,0.0020384391380314504
free,0.0023296447291788003
since,0.007280139778683751
6,0.035527082119976704
hours,0.00145602795573675
presentation,0.0011648223645894002
beat,0.0005824111822947001
run,0.0017472335468841002
anymore,0.0008736167734420501
er,0.008736167734420501
feels,0.0011648223645894002
heart,0.006988934187536401
irregular,0.0005824111822947001
times,0.0026208503203261502
started,0.0049504950495049506
##par,0.006988934187536401
##in,0.025917297612114153
inhibitor,0.0011648223645894002
pm,0.00844496214327315
ps,0.0023296447291788003
met,0.006697728596389051
##form,0.0005824111822947001
weeks,0.0049504950495049506
ago,0.006115317414094351
a1,0.00145602795573675
##c,0.027955736750145604
##kins,0.0005824111822947001
ed,0.0052417006406523005
208,0.008153756552125802
ch,0.016598718695398952
##otherapy,0.0008736167734420501
node,0.0008736167734420501
removal,0.0005824111822947001
##cu,0.004659289458357601
##rrence,0.0008736167734420501
treatment,0.0023296447291788003
surgery,0.006406523005241701
see,0.004076878276062901
extent,0.0005824111822947001
lu,0.0017472335468841002
cancer,0.0026208503203261502
right,0.009609784507862552
middle,0.0011648223645894002
lobe,0.0020384391380314504
##section,0.0011648223645894002
##eno,0.004076878276062901
##car,0.0011648223645894002
##cin,0.006697728596389051
209,0.00553290623179965
4,0.0378567268491555
##v,0.01601630751310425
knee,0.0008736167734420501
##uma,0.0005824111822947001
##din,0.0017472335468841002
months,0.0017472335468841002
happened,0.0011648223645894002
stopped,0.0029120559114735
b,0.034653465346534656
hem,0.006988934187536401
##uria,0.0034944670937682005
mi,0.012521840419336051
##gra,0.0008736167734420501
##ine,0.013977868375072802
headache,0.0023296447291788003
207,0.004659289458357601
##0,0.010774606872451952
early,0.0029120559114735
80,0.013104251601630751
ge,0.0032032615026208505
##rd,0.0026208503203261502
z,0.00786255096097845
##ant,0.005824111822947
pr,0.006697728596389051
##ppe,0.0011648223645894002
##nde,0.0005824111822947001
##ct,0.014269073966220153
##omy,0.006988934187536401
per,0.023878858474082703
##ito,0.0008736167734420501
##ni,0.0032032615026208505
##tis,0.005824111822947
8,0.028538147932440305
art,0.0029120559114735
##hr,0.0023296447291788003
##os,0.016598718695398952
##copic,0.0005824111822947001
su,0.010774606872451952
##ger,0.0020384391380314504
206,0.004368083867210251
##di,0.006115317414094351
##on,0.005824111822947
500,0.0034944670937682005
li,0.006406523005241701
20,0.017763541059988352
q,0.017181129877693654
##er,0.0168899242865463
##gies,0.0034944670937682005
##ash,0.0020384391380314504
tolerate,0.0008736167734420501
past,0.010483401281304601
shell,0.0005824111822947001
##fish,0.0005824111822947001
contrast,0.0005824111822947001
ct,0.012813046010483402
scan,0.0011648223645894002
without,0.0110658124635993
pre,0.0110658124635993
##med,0.0005824111822947001
##ica,0.0023296447291788003
##tion,0.006115317414094351
social,0.0020384391380314504
##cc,0.0052417006406523005
##upation,0.0008736167734420501
engineer,0.0005824111822947001
amazon,0.0005824111822947001
lives,0.005824111822947
children,0.0029120559114735
ke,0.0017472335468841002
##mmer,0.0005824111822947001
three,0.0005824111822947001
act,0.0005824111822947001
##ivity,0.0005824111822947001
walk,0.0037856726849155504
miles,0.0005824111822947001
day,0.00786255096097845
week,0.0032032615026208505
dr,0.013977868375072802
##ink,0.0005824111822947001
one,0.00844496214327315
cup,0.0005824111822947001
coffee,0.0011648223645894002
##oh,0.004076878276062901
##cca,0.0008736167734420501
##sional,0.0011648223645894002
tobacco,0.0029120559114735
den,0.00553290623179965
##ies,0.00902737332556785
il,0.004076878276062901
##licit,0.0008736167734420501
brother,0.0005824111822947001
red,0.00145602795573675
40,0.012521840419336051
father,0.0026208503203261502
age,0.006406523005241701
46,0.0032032615026208505
mother,0.004076878276062901
parkinson,0.0005824111822947001
deceased,0.0005824111822947001
please,0.0023296447291788003
refer,0.0005824111822947001
##tinent,0.0008736167734420501
negative,0.006988934187536401
general,0.006697728596389051
weakness,0.006697728596389051
skin,0.006406523005241701
##es,0.00902737332556785
##ru,0.0017472335468841002
##rit,0.0020384391380314504
changing,0.00145602795573675
mole,0.0005824111822947001
lump,0.00029120559114735004
lesions,0.004076878276062901
head,0.0037856726849155504
trauma,0.00145602795573675
eyes,0.0011648223645894002
recent,0.013395457192778102
visual,0.00145602795573675
changes,0.010774606872451952
discharge,0.0029120559114735
##se,0.007571345369831101
##pis,0.0005824111822947001
##ta,0.005824111822947
##xi,0.0049504950495049506
##bs,0.00902737332556785
##truction,0.0008736167734420501
##itis,0.0034944670937682005
mouth,0.0011648223645894002
sore,0.0011648223645894002
##sp,0.004659289458357601
##hee,0.0011648223645894002
##zing,0.00145602795573675
##th,0.009900990099009901
##ma,0.012521840419336051
##op,0.010483401281304601
##ty,0.0029120559114735
##sis,0.0023296447291788003
##yan,0.0005824111822947001
##osis,0.0023296447291788003
cp,0.007280139778683751
##gin,0.0020384391380314504
##nea,0.0029120559114735
peripheral,0.0011648223645894002
##ema,0.006697728596389051
murmur,0.0029120559114735
g,0.029702970297029705
abdominal,0.007280139778683751
con,0.012813046010483402
##ip,0.004659289458357601
##ation,0.0052417006406523005
frequency,0.0023296447291788003
urgency,0.0008736167734420501
##si,0.004659289458357601
##tan,0.0005824111822947001
##cy,0.005824111822947
mu,0.0011648223645894002
##los,0.0017472335468841002
##kel,0.0005824111822947001
##etal,0.00145602795573675
back,0.008153756552125802
joint,0.0026208503203261502
swelling,0.004076878276062901
stiff,0.0005824111822947001
def,0.00145602795573675
##orm,0.0005824111822947001
##ity,0.0034944670937682005
muscle,0.0020384391380314504
ache,0.0005824111822947001
##eur,0.0023296447291788003
##zzi,0.0017472335468841002
##vo,0.004076878276062901
##lu,0.004368083867210251
##ntary,0.0011648223645894002
movements,0.0011648223645894002
##ync,0.004076878276062901
##ope,0.004076878276062901
loss,0.0029120559114735
coordination,0.00145602795573675
motor,0.0029120559114735
para,0.0020384391380314504
##lysis,0.0020384391380314504
##am,0.009318578916715201
98,0.006697728596389051
83,0.0034944670937682005
regular,0.004659289458357601
147,0.0017472335468841002
84,0.004368083867210251
18,0.012521840419336051
sa,0.00553290623179965
##ad,0.004659289458357601
appropriate,0.0011648223645894002
##fort,0.0005824111822947001
##able,0.0034944670937682005
lying,0.0023296447291788003
flat,0.0034944670937682005
bed,0.0037856726849155504
##ee,0.0011648223645894002
nc,0.0023296447291788003
##rl,0.0023296447291788003
non,0.0110658124635993
##cter,0.0023296447291788003
##ic,0.018345952242283053
##cel,0.0005824111822947001
##era,0.0005824111822947001
##mm,0.0052417006406523005
clear,0.009609784507862552
ne,0.0157251019219569
soft,0.006115317414094351
##pp,0.0037856726849155504
##le,0.013977868375072802
thy,0.00145602795573675
##rome,0.0011648223645894002
##gal,0.0020384391380314504
car,0.006115317414094351
##ot,0.006988934187536401
pulses,0.00553290623179965
bilateral,0.00902737332556785
##ly,0.0180547466511357
au,0.00145602795573675
##lta,0.0005824111822947001
rate,0.0026208503203261502
normal,0.013395457192778102
displaced,0.0008736167734420501
##ave,0.0008736167734420501
##vp,0.0026208503203261502
cm,0.004659289458357601
ab,0.0023296447291788003
bow,0.004368083867210251
##el,0.00553290623179965
sounds,0.0029120559114735
ex,0.016598718695398952
##pan,0.0011648223645894002
mass,0.0023296447291788003
guarding,0.00145602795573675
organ,0.0011648223645894002
##ome,0.0026208503203261502
##xt,0.0017472335468841002
warm,0.0029120559114735
ul,0.0017472335468841002
##cer,0.004368083867210251
feet,0.0011648223645894002
##ls,0.0032032615026208505
br,0.007571345369831101
##uit,0.0017472335468841002
##oral,0.00145602795573675
##ids,0.00553290623179965
bi,0.006406523005241701
##lat,0.0037856726849155504
##ps,0.0023296447291788003
al,0.009318578916715201
##ert,0.0020384391380314504
oriented,0.0008736167734420501
ec,0.0023296447291788003
rhythm,0.0037856726849155504
79,0.0026208503203261502
axis,0.0026208503203261502
##w,0.005824111822947
##ten,0.004659289458357601
ii,0.00553290623179965
##wi,0.0029120559114735
iii,0.0017472335468841002
poor,0.0029120559114735
wave,0.0011648223645894002
progression,0.0011648223645894002
labs,0.006697728596389051
##bc,0.006406523005241701
11,0.014269073966220153
0,0.030285381479324403
th,0.00786255096097845
hc,0.004659289458357601
42,0.0029120559114735
41,0.004076878276062901
##gb,0.0026208503203261502
13,0.009318578916715201
rb,0.0011648223645894002
61,0.0049504950495049506
50,0.018637157833430402
90,0.007571345369831101
##lt,0.00786255096097845
36,0.006988934187536401
##8,0.011648223645894
150,0.00902737332556785
350,0.0005824111822947001
cum,0.0005824111822947001
mc,0.0032032615026208505
92,0.006406523005241701
100,0.016307513104251603
fl,0.0017472335468841002
33,0.006406523005241701
26,0.010192195690157252
34,0.0034944670937682005
##hc,0.0029120559114735
31,0.006115317414094351
37,0.0049504950495049506
12,0.019510774606872453
9,0.0180547466511357
14,0.009609784507862552
##od,0.007571345369831101
##um,0.015142690739662202
139,0.0023296447291788003
136,0.0017472335468841002
145,0.0017472335468841002
##mo,0.006406523005241701
##as,0.0037856726849155504
101,0.0020384391380314504
108,0.0020384391380314504
##rb,0.0037856726849155504
##io,0.0052417006406523005
27,0.006406523005241701
21,0.007571345369831101
##un,0.004368083867210251
dl,0.004368083867210251
cr,0.0026208503203261502
##ne,0.010774606872451952
##uc,0.004076878276062901
se,0.011648223645894
158,0.0011648223645894002
74,0.0032032615026208505
106,0.0017472335468841002
##lc,0.0005824111822947001
##ei,0.0017472335468841002
110,0.0011648223645894002
##gp,0.0005824111822947001
44,0.0034944670937682005
##il,0.0017472335468841002
##ir,0.004076878276062901
##bi,0.00145602795573675
##ec,0.008153756552125802
##ol,0.013395457192778102
##ro,0.006988934187536401
151,0.0005824111822947001
140,0.0020384391380314504
200,0.006115317414094351
##ri,0.0037856726849155504
70,0.011939429237041351
hd,0.0023296447291788003
39,0.0023296447291788003
130,0.004076878276062901
k,0.0052417006406523005
182,0.0005824111822947001
174,0.0005824111822947001
##mb,0.0029120559114735
ng,0.00145602795573675
##po,0.00786255096097845
##la,0.0049504950495049506
##sm,0.004368083867210251
##mme,0.0008736167734420501
sec,0.0005824111822947001
340,0.0005824111822947001
306,0.0011648223645894002
jan,0.0005824111822947001
access,0.007571345369831101
72,0.0052417006406523005
##75,0.0011648223645894002
##rea,0.0029120559114735
##tine,0.0026208503203261502
ki,0.0005824111822947001
##nas,0.0008736167734420501
60,0.00786255096097845
400,0.0023296447291788003
##nz,0.0023296447291788003
##yme,0.0005824111822947001
##rop,0.005824111822947
##oni,0.0005824111822947001
25,0.010483401281304601
00,0.004368083867210251
##me,0.007280139778683751
episode,0.00786255096097845
##sv,0.0005824111822947001
currently,0.009318578916715201
##ril,0.0052417006406523005
mb,0.0023296447291788003
already,0.00145602795573675
peaked,0.00145602795573675
remains,0.0011648223645894002
##ody,0.0005824111822947001
##nam,0.0005824111822947001
##ically,0.0005824111822947001
stable,0.0049504950495049506
##ch,0.00553290623179965
el,0.0029120559114735
##ev,0.0008736167734420501
appears,0.004368083867210251
give,0.0049504950495049506
due,0.0026208503203261502
mild,0.010483401281304601
trans,0.006115317414094351
##ami,0.00145602795573675
##tin,0.0020384391380314504
##ue,0.0049504950495049506
holding,0.0034944670937682005
##lav,0.0023296447291788003
##ix,0.0034944670937682005
given,0.020384391380314504
vessel,0.00145602795573675
disease,0.009318578916715201
need,0.004076878276062901
plan,0.007280139778683751
midnight,0.0011648223645894002
tonight,0.0011648223645894002
add,0.0017472335468841002
ac,0.0037856726849155504
ar,0.0008736167734420501
##yp,0.0005824111822947001
card,0.006697728596389051
##iac,0.0034944670937682005
##abe,0.0005824111822947001
##tic,0.007280139778683751
diet,0.008736167734420501
##utrition,0.0005824111822947001
consul,0.0011648223645894002
teaching,0.0005824111822947001
##ft,0.0023296447291788003
##ren,0.0017472335468841002
##ex,0.0011648223645894002
##ium,0.0026208503203261502
pen,0.0032032615026208505
##ding,0.00145602795573675
results,0.0011648223645894002
trenton,0.0005824111822947001
253,0.0005824111822947001
##29,0.0008736167734420501
04,0.0020384391380314504
reason,0.0020384391380314504
vascular,0.0034944670937682005
##ep,0.0037856726849155504
##ologist,0.0005824111822947001
bianca,0.0005824111822947001
lowe,0.0005824111822947001
md,0.007280139778683751
present,0.004076878276062901
##ln,0.0011648223645894002
##ess,0.0011648223645894002
29,0.007571345369831101
year,0.00553290623179965
old,0.004076878276062901
young,0.0005824111822947001
woman,0.0037856726849155504
end,0.0034944670937682005
stage,0.0005824111822947001
status,0.006115317414094351
post,0.0032032615026208505
two,0.005824111822947
failed,0.0008736167734420501
transplant,0.0005824111822947001
##ial,0.0032032615026208505
multiple,0.006988934187536401
problems,0.0023296447291788003
referred,0.0011648223645894002
kidney,0.0017472335468841002
##up,0.0023296447291788003
##tured,0.0005824111822947001
##ted,0.0032032615026208505
thigh,0.0008736167734420501
##raft,0.0029120559114735
##thy,0.0017472335468841002
##roid,0.0020384391380314504
##tom,0.0020384391380314504
##dication,0.004076878276062901
##dn,0.0005824111822947001
##ison,0.0005824111822947001
daily,0.0052417006406523005
##lant,0.0005824111822947001
te,0.0049504950495049506
##ret,0.0005824111822947001
250,0.004659289458357601
##oc,0.009609784507862552
##ap,0.0017472335468841002
tablet,0.0005824111822947001
##co,0.0049504950495049506
tablets,0.0005824111822947001
##rn,0.004368083867210251
dem,0.0011648223645894002
##ero,0.00145602795573675
le,0.0037856726849155504
##va,0.0029120559114735
##quin,0.0017472335468841002
##tri,0.004659289458357601
##but,0.00145602795573675
##ory,0.0026208503203261502
review,0.0020384391380314504
systems,0.00145602795573675
complete,0.0005824111822947001
otherwise,0.0037856726849155504
un,0.004659289458357601
##rem,0.0017472335468841002
##ark,0.0005824111822947001
medical,0.00844496214327315
relevant,0.0005824111822947001
physical,0.0023296447291788003
##fe,0.0034944670937682005
##bri,0.0011648223645894002
sk,0.0005824111822947001
dry,0.006406523005241701
ben,0.0008736167734420501
##ign,0.0008736167734420501
##pathy,0.0008736167734420501
##om,0.0029120559114735
open,0.0034944670937682005
wound,0.005824111822947
previous,0.0034944670937682005
operation,0.0005824111822947001
total,0.0029120559114735
##cision,0.0011648223645894002
chemistry,0.0029120559114735
##nts,0.0008736167734420501
weekly,0.0005824111822947001
dial,0.0005824111822947001
##las,0.0005824111822947001
##dium,0.006115317414094351
133,0.0008736167734420501
135,0.0037856726849155504
mm,0.007571345369831101
po,0.004076878276062901
##tas,0.0011648223645894002
##sium,0.0011648223645894002
##lor,0.0023296447291788003
95,0.0052417006406523005
carbon,0.0005824111822947001
##oxide,0.0023296447291788003
22,0.00844496214327315
23,0.00553290623179965
ni,0.0049504950495049506
##tro,0.004659289458357601
##gen,0.0037856726849155504
##cos,0.0005824111822947001
67,0.004659289458357601
##mat,0.0011648223645894002
##ology,0.0023296447291788003
det,0.0023296447291788003
##ail,0.0011648223645894002
##vi,0.0034944670937682005
##q,0.0052417006406523005
##ui,0.0020384391380314504
apr,0.0005824111822947001
47,0.0029120559114735
##30,0.0005824111822947001
##37,0.0005824111822947001
test,0.006406523005241701
des,0.0034944670937682005
##cription,0.0005824111822947001
##sul,0.0023296447291788003
flags,0.0005824111822947001
range,0.0017472335468841002
units,0.0037856726849155504
19,0.006988934187536401
##mp,0.005824111822947
##ression,0.0023296447291788003
plans,0.0011648223645894002
im,0.0005824111822947001
##mu,0.0011648223645894002
##no,0.004368083867210251
##com,0.0029120559114735
##rom,0.0026208503203261502
##ised,0.0005824111822947001
synthetic,0.0005824111822947001
good,0.004659289458357601
option,0.0011648223645894002
##position,0.0005824111822947001
##asi,0.00145602795573675
##lic,0.004076878276062901
vein,0.0011648223645894002
construction,0.0005824111822947001
fist,0.0005824111822947001
##ula,0.0017472335468841002
indicated,0.0005824111822947001
##est,0.0052417006406523005
##hesia,0.0005824111822947001
thank,0.0005824111822947001
allowing,0.0005824111822947001
participate,0.0005824111822947001
care,0.0037856726849155504
patient,0.009609784507862552
questions,0.0011648223645894002
concerns,0.0005824111822947001
feel,0.00145602795573675
contact,0.0011648223645894002
time,0.00902737332556785
otto,0.0011648223645894002
sc,0.0023296447291788003
##hm,0.0005824111822947001
##itt,0.0008736167734420501
03,0.005824111822947
internal,0.0026208503203261502
medicine,0.0029120559114735
##mit,0.0037856726849155504
note,0.00844496214327315
name,0.00553290623179965
##aul,0.0005824111822947001
##kner,0.0008736167734420501
yan,0.0005824111822947001
##del,0.0005824111822947001
##mission,0.0034944670937682005
94,0.007280139778683751
ya,0.0017472335468841002
carlos,0.0005824111822947001
son,0.004076878276062901
62,0.0029120559114735
278,0.0011648223645894002
71,0.0011648223645894002
id,0.004659289458357601
69,0.0008736167734420501
yo,0.005824111822947
complicated,0.0017472335468841002
##hab,0.0034944670937682005
likely,0.015433896330809552
##piration,0.006406523005241701
event,0.0032032615026208505
data,0.0023296447291788003
66,0.008736167734420501
events,0.0029120559114735
summarized,0.0011648223645894002
vanderbilt,0.0005824111822947001
university,0.0005824111822947001
notable,0.0008736167734420501
following,0.0049504950495049506
##lar,0.004659289458357601
##ket,0.0005824111822947001
##otic,0.0011648223645894002
##gly,0.0020384391380314504
bs,0.006115317414094351
1400,0.0011648223645894002
noted,0.00553290623179965
cool,0.0005824111822947001
##che,0.007571345369831101
##mic,0.004368083867210251
1300,0.0005824111822947001
24,0.006988934187536401
dc,0.0032032615026208505
##vas,0.0026208503203261502
##cular,0.0023296447291788003
course,0.0037856726849155504
ruled,0.0011648223645894002
peak,0.0017472335468841002
96,0.0032032615026208505
##be,0.0011648223645894002
pt,0.0110658124635993
discovery,0.0005824111822947001
possible,0.005824111822947
em,0.004076878276062901
##bol,0.0008736167734420501
##og,0.0011648223645894002
limb,0.0011648223645894002
development,0.0005824111822947001
##oper,0.0023296447291788003
##ative,0.0029120559114735
compartment,0.0011648223645894002
syndrome,0.0020384391380314504
requiring,0.0017472335468841002
##cio,0.0005824111822947001
##it,0.0049504950495049506
##iti,0.0023296447291788003
##vity,0.00145602795573675
management,0.0026208503203261502
phelps,0.0008736167734420501
##tub,0.0011648223645894002
##int,0.0026208503203261502
##uba,0.0005824111822947001
inability,0.0005824111822947001
protect,0.0005824111822947001
air,0.0037856726849155504
##way,0.0008736167734420501
##na,0.0110658124635993
sep,0.0005824111822947001
press,0.0005824111822947001
##ors,0.0017472335468841002
##sa,0.0020384391380314504
sept,0.0005824111822947001
lung,0.0029120559114735
##onia,0.0005824111822947001
##udo,0.0008736167734420501
##mona,0.00145602795573675
##iel,0.0005824111822947001
##ff,0.0037856726849155504
##ult,0.0026208503203261502
vent,0.0020384391380314504
##ani,0.0005824111822947001
##rac,0.0017472335468841002
##ost,0.0026208503203261502
placement,0.0023296447291788003
eventual,0.0005824111822947001
de,0.008153756552125802
##can,0.0005824111822947001
##ulation,0.0011648223645894002
##ure,0.0026208503203261502
swallowing,0.0005824111822947001
trials,0.0005824111822947001
tube,0.00145602795573675
ren,0.00145602795573675
failure,0.004368083867210251
improved,0.0029120559114735
decreased,0.0034944670937682005
##ures,0.0008736167734420501
##junct,0.0008736167734420501
##iv,0.0005824111822947001
bacterial,0.0005824111822947001
##ht,0.0026208503203261502
##hal,0.0011648223645894002
##ou,0.0005824111822947001
chronic,0.00553290623179965
wounds,0.0052417006406523005
infection,0.0049504950495049506
decision,0.0005824111822947001
treat,0.0029120559114735
##if,0.0020384391380314504
##amp,0.0005824111822947001
ba,0.0052417006406523005
##rim,0.0029120559114735
episodes,0.0017472335468841002
##esis,0.0020384391380314504
cough,0.00786255096097845
gag,0.0005824111822947001
##ging,0.0005824111822947001
sat,0.0017472335468841002
ra,0.008153756552125802
##of,0.0017472335468841002
##ran,0.0017472335468841002
developed,0.0005824111822947001
severe,0.0037856726849155504
##pox,0.00145602795573675
43,0.0011648223645894002
##metry,0.0005824111822947001
van,0.0023296447291788003
##lind,0.0008736167734420501
comb,0.0005824111822947001
##ive,0.006406523005241701
##ug,0.0005824111822947001
nausea,0.0037856726849155504
also,0.011648223645894
##tens,0.0005824111822947001
##her,0.0017472335468841002
##ara,0.0008736167734420501
##cts,0.0008736167734420501
##ere,0.0005824111822947001
##bro,0.0017472335468841002
accident,0.0005824111822947001
##ept,0.0005824111822947001
bleeding,0.006697728596389051
##den,0.0005824111822947001
##arte,0.0005824111822947001
##re,0.006406523005241701
january,0.0017472335468841002
##vd,0.0017472335468841002
transfer,0.00145602795573675
##12,0.0026208503203261502
tu,0.0029120559114735
fe,0.0032032615026208505
##eds,0.0005824111822947001
##smo,0.0011648223645894002
##lite,0.0005824111822947001
##tat,0.0017472335468841002
spit,0.0005824111822947001
##rove,0.00145602795573675
##eb,0.0008736167734420501
##ry,0.0049504950495049506
op,0.004076878276062901
##log,0.00145602795573675
##ment,0.0023296447291788003
ds,0.00145602795573675
las,0.0023296447291788003
cola,0.00145602795573675
##aro,0.0005824111822947001
##xy,0.0026208503203261502
reg,0.0011648223645894002
##land,0.0005824111822947001
proto,0.00145602795573675
000,0.0011648223645894002
600,0.0023296447291788003
si,0.0034944670937682005
##vid,0.0005824111822947001
##ci,0.004659289458357601
##tra,0.0034944670937682005
##con,0.0017472335468841002
sh,0.004368083867210251
river,0.0005824111822947001
pack,0.0017472335468841002
smoking,0.0029120559114735
quit,0.0023296447291788003
drinking,0.0011648223645894002
30,0.015142690739662202
years,0.004659289458357601
uncomfortable,0.0005824111822947001
##ally,0.0005824111822947001
ill,0.0017472335468841002
appearing,0.0011648223645894002
speech,0.0017472335468841002
breath,0.004076878276062901
##cle,0.0023296447291788003
##ra,0.0052417006406523005
##ict,0.00145602795573675
##eric,0.00145602795573675
tongue,0.0011648223645894002
cracked,0.0005824111822947001
neck,0.00553290623179965
##let,0.0017472335468841002
##hor,0.0005824111822947001
site,0.0023296447291788003
healed,0.00145602795573675
coarse,0.0005824111822947001
##hon,0.0008736167734420501
##chi,0.0029120559114735
throughout,0.0011648223645894002
scattered,0.0008736167734420501
##zes,0.0008736167734420501
faint,0.0011648223645894002
murmurs,0.0008736167734420501
abd,0.007280139778683751
masses,0.0032032615026208505
club,0.0011648223645894002
##bing,0.0008736167734420501
shallow,0.0005824111822947001
toes,0.0011648223645894002
black,0.0017472335468841002
sleepy,0.0005824111822947001
##rouse,0.0005824111822947001
easily,0.0011648223645894002
voice,0.0011648223645894002
commands,0.0017472335468841002
mar,0.0020384391380314504
##27,0.0017472335468841002
##41,0.0023296447291788003
##13,0.0005824111822947001
lab,0.011939429237041351
137,0.00145602795573675
82,0.010192195690157252
128,0.0011648223645894002
57,0.0029120559114735
86,0.0017472335468841002
##14,0.0011648223645894002
cal,0.0020384391380314504
##phorus,0.00145602795573675
##gnesium,0.0008736167734420501
pro,0.00902737332556785
##tein,0.0008736167734420501
album,0.0008736167734420501
##lo,0.00553290623179965
##bul,0.0011648223645894002
direct,0.0005824111822947001
##ili,0.0008736167734420501
##bin,0.0017472335468841002
##kal,0.0005824111822947001
##pha,0.004076878276062901
##tase,0.0026208503203261502
115,0.0017472335468841002
amy,0.0011648223645894002
##lase,0.0023296447291788003
##pas,0.0005824111822947001
##28,0.0011648223645894002
##46,0.0017472335468841002
##80,0.0011648223645894002
54,0.0017472335468841002
super,0.0023296447291788003
##sta,0.0005824111822947001
text,0.0011648223645894002
values,0.0005824111822947001
valid,0.0005824111822947001
wa,0.0005824111822947001
##fa,0.0034944670937682005
##ag,0.00145602795573675
ap,0.0020384391380314504
##tt,0.005824111822947
35,0.008153756552125802
##ve,0.0023296447291788003
method,0.0008736167734420501
auto,0.0011648223645894002
pol,0.0020384391380314504
91,0.0049504950495049506
mon,0.0008736167734420501
##ute,0.0017472335468841002
##eu,0.0005824111822947001
##ts,0.0052417006406523005
38,0.005824111822947
none,0.010774606872451952
mac,0.0037856726849155504
##tes,0.0032032615026208505
micro,0.00553290623179965
77,0.00786255096097845
##j,0.0017472335468841002
##60,0.0011648223645894002
##44,0.0008736167734420501
##ba,0.0011648223645894002
##ze,0.0026208503203261502
##pine,0.0034944670937682005
la,0.009318578916715201
06,0.0032032615026208505
760,0.0005824111822947001
##z,0.00786255096097845
##20,0.0020384391380314504
##ga,0.0005824111822947001
##biology,0.00145602795573675
prior,0.010192195690157252
admission,0.012230634828188702
sp,0.0005824111822947001
##ut,0.0017472335468841002
154,0.0005824111822947001
##01,0.0011648223645894002
gram,0.0005824111822947001
##ain,0.0005824111822947001
final,0.0020384391380314504
report,0.0034944670937682005
##ed,0.009900990099009901
abu,0.0005824111822947001
##nda,0.0011648223645894002
rare,0.0026208503203261502
##rs,0.0052417006406523005
##ira,0.0011648223645894002
##tory,0.00145602795573675
culture,0.004076878276062901
##ie,0.0023296447291788003
##gi,0.0034944670937682005
abs,0.0005824111822947001
08,0.006406523005241701
##38,0.0011648223645894002
blood,0.00786255096097845
ana,0.0005824111822947001
##bic,0.0011648223645894002
bottle,0.0005824111822947001
anti,0.0052417006406523005
##biotic,0.0011648223645894002
inter,0.006115317414094351
##reta,0.0005824111822947001
##pt,0.004659289458357601
##ible,0.005824111822947
##sist,0.004659289458357601
gen,0.0034944670937682005
##tam,0.0020384391380314504
lev,0.0011648223645894002
##xa,0.0034944670937682005
##llin,0.0023296447291788003
##cline,0.0008736167734420501
tri,0.004076878276062901
##met,0.0017472335468841002
##hop,0.0005824111822947001
sul,0.0005824111822947001
##ho,0.0029120559114735
##zo,0.004076878276062901
feb,0.0017472335468841002
##26,0.0023296447291788003
##40,0.0005824111822947001
##rate,0.004368083867210251
##pi,0.005824111822947
##ika,0.0011648223645894002
##pic,0.0008736167734420501
##ill,0.0011648223645894002
##tre,0.0029120559114735
##ona,0.0011648223645894002
ce,0.005824111822947
##lin,0.0020384391380314504
##dox,0.0005824111822947001
##ime,0.0017472335468841002
##ria,0.0005824111822947001
##xon,0.0005824111822947001
##ene,0.0023296447291788003
piper,0.0008736167734420501
##pen,0.0005824111822947001
##rc,0.0017472335468841002
##bra,0.0011648223645894002
##my,0.0034944670937682005
radio,0.0017472335468841002
##logy,0.00145602795573675
view,0.00145602795573675
##24,0.0005824111822947001
finding,0.0011648223645894002
suspicious,0.0005824111822947001
lower,0.0026208503203261502
pneumonia,0.0020384391380314504
##ssi,0.0008736167734420501
##bly,0.0005824111822947001
related,0.0011648223645894002
clinical,0.0026208503203261502
correlation,0.0011648223645894002
possibly,0.0017472335468841002
imaging,0.0017472335468841002
described,0.0017472335468841002
advised,0.0005824111822947001
long,0.0011648223645894002
assessment,0.0017472335468841002
extended,0.0020384391380314504
##current,0.0029120559114735
##ae,0.0011648223645894002
##robe,0.0005824111822947001
based,0.0011648223645894002
resistance,0.0005824111822947001
patterns,0.0005824111822947001
consult,0.007280139778683751
approval,0.0005824111822947001
##lement,0.0005824111822947001
inc,0.0005824111822947001
##ent,0.0029120559114735
##try,0.00145602795573675
except,0.0017472335468841002
##ds,0.006988934187536401
gentle,0.00145602795573675
##yd,0.0017472335468841002
##ration,0.004076878276062901
hold,0.0032032615026208505
##tics,0.0008736167734420501
swallow,0.0005824111822947001
madison,0.0005824111822947001
county,0.0011648223645894002
service,0.0037856726849155504
##dine,0.0026208503203261502
continue,0.0029120559114735
goal,0.0011648223645894002
coverage,0.0005824111822947001
basel,0.0005824111822947001
52,0.0005824111822947001
##bolic,0.0005824111822947001
concerning,0.0029120559114735
##ole,0.0020384391380314504
##ptic,0.0005824111822947001
send,0.0020384391380314504
urine,0.0052417006406523005
complement,0.0005824111822947001
check,0.006988934187536401
sediment,0.00029120559114735004
##yte,0.0005824111822947001
##rena,0.0005824111822947001
component,0.0005824111822947001
consider,0.0029120559114735
evaluation,0.0034944670937682005
artery,0.0011648223645894002
##emia,0.006988934187536401
base,0.004368083867210251
##line,0.004659289458357601
##ck,0.00145602795573675
studies,0.004076878276062901
##ua,0.0008736167734420501
stool,0.004076878276062901
##yt,0.0026208503203261502
line,0.0020384391380314504
read,0.0029120559114735
##ian,0.0005824111822947001
far,0.0029120559114735
##ph,0.004368083867210251
##ution,0.0005824111822947001
ursula,0.0011648223645894002
isabella,0.0005824111822947001
##gas,0.0011648223645894002
251,0.0005824111822947001
##ther,0.0005824111822947001
##idge,0.0005824111822947001
##hari,0.0005824111822947001
##31,0.0005824111822947001
##33,0.00145602795573675
december,0.0011648223645894002
quentin,0.0005824111822947001
casey,0.0005824111822947001
##tending,0.004368083867210251
layton,0.0005824111822947001
tyson,0.0005824111822947001
sob,0.004076878276062901
chart,0.0029120559114735
85,0.004076878276062901
##pd,0.0026208503203261502
procedures,0.0011648223645894002
acute,0.006115317414094351
reports,0.0052417006406523005
bladder,0.0017472335468841002
several,0.0023296447291788003
manifest,0.0005824111822947001
##rina,0.0008736167734420501
wen,0.0008736167734420501
clinic,0.0029120559114735
resolution,0.0011648223645894002
says,0.0017472335468841002
changed,0.004076878276062901
##fu,0.0005824111822947001
##rant,0.0005824111822947001
##oi,0.0008736167734420501
friday,0.0017472335468841002
##loat,0.0005824111822947001
stomach,0.0005824111822947001
difficulty,0.0017472335468841002
breathing,0.0005824111822947001
trying,0.0011648223645894002
get,0.0011648223645894002
dressed,0.0005824111822947001
much,0.0023296447291788003
worse,0.0017472335468841002
activity,0.0034944670937682005
would,0.004659289458357601
resolve,0.0005824111822947001
denies,0.008153756552125802
subsequent,0.0011648223645894002
short,0.0026208503203261502
lived,0.0005824111822947001
sided,0.00145602795573675
similar,0.004076878276062901
awhile,0.0005824111822947001
mention,0.0005824111822947001
staff,0.0005824111822947001
increase,0.0023296447291788003
change,0.011357018054746652
excellent,0.0005824111822947001
medication,0.0026208503203261502
regime,0.00145602795573675
compliance,0.0005824111822947001
lot,0.0005824111822947001
salt,0.0017472335468841002
sleep,0.0011648223645894002
pillows,0.0011648223645894002
##lux,0.00145602795573675
think,0.0017472335468841002
admitted,0.004659289458357601
told,0.0005824111822947001
88,0.004368083867210251
went,0.0037856726849155504
showed,0.00553290623179965
sent,0.007280139778683751
arrival,0.0023296447291788003
160,0.0005824111822947001
showing,0.0026208503203261502
reportedly,0.0011648223645894002
control,0.0032032615026208505
##np,0.0023296447291788003
vs,0.0005824111822947001
1200,0.00029120559114735004
admissions,0.0005824111822947001
sweat,0.0008736167734420501
weight,0.0034944670937682005
appetite,0.0011648223645894002
##ato,0.00145602795573675
##zia,0.0008736167734420501
##lena,0.0020384391380314504
delta,0.0005824111822947001
##ila,0.0020384391380314504
##teral,0.0017472335468841002
stress,0.004368083867210251
file,0.0005824111822947001
##ast,0.0017472335468841002
##olic,0.0011648223645894002
echo,0.00553290623179965
segment,0.0011648223645894002
##ric,0.0023296447291788003
##ular,0.0037856726849155504
##function,0.0005824111822947001
involving,0.0023296447291788003
inferior,0.0023296447291788003
territory,0.0005824111822947001
checks,0.0011648223645894002
sugar,0.0011648223645894002
120,0.0037856726849155504
home,0.0110658124635993
##eo,0.0005824111822947001
##cot,0.00145602795573675
app,0.0008736167734420501
##end,0.0005824111822947001
87,0.00553290623179965
gregory,0.0005824111822947001
path,0.0020384391380314504
##mura,0.0005824111822947001
##rosis,0.0005824111822947001
##eal,0.0011648223645894002
##fo,0.0017472335468841002
##ros,0.0011648223645894002
##mbo,0.0005824111822947001
nature,0.0023296447291788003
##ort,0.0023296447291788003
##ob,0.0005824111822947001
##ife,0.0011648223645894002
##mor,0.0005824111822947001
##rot,0.0023296447291788003
sm,0.0011648223645894002
##gio,0.0052417006406523005
##last,0.00145602795573675
##omi,0.0011648223645894002
##sin,0.0005824111822947001
##cho,0.0011648223645894002
baby,0.0008736167734420501
##iz,0.0011648223645894002
75,0.00553290623179965
iron,0.004368083867210251
##ana,0.0011648223645894002
##por,0.0005824111822947001
##ins,0.0026208503203261502
hi,0.0017472335468841002
##ves,0.0017472335468841002
code,0.0032032615026208505
##olo,0.0011648223645894002
##zi,0.00145602795573675
##ital,0.0005824111822947001
##ram,0.0032032615026208505
ser,0.00145602795573675
##tral,0.0008736167734420501
santa,0.0005824111822947001
area,0.0034944670937682005
alone,0.0011648223645894002
daughter,0.0023296447291788003
helps,0.0005824111822947001
##rand,0.0005824111822947001
pp,0.0026208503203261502
##eg,0.0011648223645894002
mom,0.0005824111822947001
died,0.0029120559114735
enlarged,0.0005824111822947001
low,0.00786255096097845
dad,0.0005824111822947001
siblings,0.0011648223645894002
78,0.00786255096097845
134,0.0017472335468841002
58,0.0032032615026208505
99,0.0034944670937682005
##ats,0.0005824111822947001
80s,0.0011648223645894002
asked,0.0023296447291788003
stand,0.0005824111822947001
starts,0.0005824111822947001
using,0.0011648223645894002
muscles,0.0005824111822947001
##spiration,0.0005824111822947001
full,0.004659289458357601
rom,0.0026208503203261502
nod,0.0023296447291788003
##ules,0.0011648223645894002
nodes,0.00145602795573675
##vs,0.0008736167734420501
tender,0.006115317414094351
##tr,0.005824111822947
##ox,0.006115317414094351
xii,0.0008736167734420501
intact,0.00553290623179965
sen,0.0011648223645894002
##sor,0.0017472335468841002
##ym,0.0026208503203261502
dec,0.0029120559114735
1500,0.0005824111822947001
103,0.0011648223645894002
172,0.0005824111822947001
28,0.0017472335468841002
##ef,0.00145602795573675
##lot,0.0011648223645894002
##pec,0.0005824111822947001
93,0.0023296447291788003
49,0.0008736167734420501
02,0.0037856726849155504
##rine,0.0026208503203261502
cf,0.0005824111822947001
##sc,0.0005824111822947001
##nate,0.00145602795573675
##maging,0.0005824111822947001
lungs,0.0008736167734420501
evidence,0.006115317414094351
pulmonary,0.0034944670937682005
##sr,0.0032032615026208505
##ional,0.0017472335468841002
undergoing,0.0005824111822947001
persistent,0.0017472335468841002
multi,0.0037856726849155504
##ctor,0.0005824111822947001
##ace,0.0011648223645894002
##ated,0.0026208503203261502
illness,0.0011648223645894002
et,0.004368083867210251
##iology,0.0023296447291788003
argued,0.0005824111822947001
especially,0.0017472335468841002
comparison,0.0005824111822947001
elevated,0.0017472335468841002
##0s,0.0005824111822947001
exam,0.007280139778683751
still,0.0017472335468841002
felt,0.0034944670937682005
believes,0.0005824111822947001
support,0.0005824111822947001
explanation,0.0005824111822947001
equivalent,0.0005824111822947001
however,0.005824111822947
appear,0.0023296447291788003
minimal,0.0029120559114735
close,0.0023296447291788003
enzymes,0.0032032615026208505
cycle,0.00145602795573675
dose,0.0052417006406523005
volume,0.004368083867210251
##loaded,0.0008736167734420501
recommended,0.0005824111822947001
pursue,0.0011648223645894002
help,0.0011648223645894002
sort,0.0005824111822947001
whether,0.0005824111822947001
real,0.0005824111822947001
##dicative,0.0005824111822947001
significant,0.006406523005241701
current,0.0023296447291788003
level,0.00145602795573675
able,0.004368083867210251
##read,0.0008736167734420501
##mill,0.0008736167734420501
rep,0.00145602795573675
##eat,0.0008736167734420501
uc,0.0005824111822947001
though,0.0032032615026208505
unclear,0.0029120559114735
specific,0.0017472335468841002
reactions,0.0005824111822947001
start,0.00553290623179965
bid,0.0017472335468841002
fingers,0.0008736167734420501
##tick,0.0008736167734420501
##phy,0.0011648223645894002
##lax,0.0011648223645894002
notes,0.0049504950495049506
##uin,0.00145602795573675
conway,0.0011648223645894002
page,0.0032032615026208505
360,0.0005824111822947001
team,0.0029120559114735
wood,0.00145602795573675
cade,0.0005824111822947001
##47,0.0005824111822947001
na,0.0026208503203261502
##rva,0.0005824111822947001
##ez,0.0008736167734420501
guy,0.0005824111822947001
suzanne,0.0005824111822947001
##ak,0.0005824111822947001
##lon,0.0026208503203261502
##oly,0.0011648223645894002
diver,0.0037856726849155504
##ulos,0.0008736167734420501
work,0.0029120559114735
morning,0.004076878276062901
weak,0.0005824111822947001
describes,0.0023296447291788003
lack,0.0005824111822947001
energy,0.0005824111822947001
strength,0.0020384391380314504
states,0.006988934187536401
really,0.0005824111822947001
discomfort,0.0011648223645894002
analogous,0.0005824111822947001
catching,0.0005824111822947001
exercise,0.0026208503203261502
light,0.0037856726849155504
##headed,0.0008736167734420501
pillow,0.0005824111822947001
night,0.0037856726849155504
last,0.00902737332556785
##rry,0.0011648223645894002
bright,0.0005824111822947001
pencil,0.0005824111822947001
thin,0.0011648223645894002
water,0.0011648223645894002
##hea,0.0032032615026208505
rest,0.0026208503203261502
staying,0.0005824111822947001
heat,0.0005824111822947001
##ned,0.0005824111822947001
march,0.00145602795573675
today,0.0034944670937682005
standing,0.0023296447291788003
##copy,0.004076878276062901
upper,0.00145602795573675
es,0.00145602795573675
##ha,0.0011648223645894002
##git,0.0005824111822947001
##eca,0.00145602795573675
follow,0.006406523005241701
repeat,0.0023296447291788003
supplement,0.0008736167734420501
##pies,0.0005824111822947001
shown,0.0005824111822947001
tub,0.0017472335468841002
##ulo,0.0005824111822947001
##vil,0.0011648223645894002
##lous,0.0005824111822947001
##mas,0.0011648223645894002
including,0.0029120559114735
could,0.007280139778683751
fully,0.0011648223645894002
##sect,0.0005824111822947001
seen,0.004368083867210251
works,0.0011648223645894002
##ite,0.0011648223645894002
nurse,0.0005824111822947001
david,0.0008736167734420501
##politan,0.0005824111822947001
##ssel,0.0005824111822947001
group,0.0005824111822947001
saw,0.0005824111822947001
##asis,0.00145602795573675
##vert,0.0008736167734420501
single,0.0023296447291788003
removed,0.0017472335468841002
##pol,0.0005824111822947001
##ype,0.0005824111822947001
bleed,0.0011648223645894002
##lons,0.0005824111822947001
ascending,0.0005824111822947001
completely,0.0011648223645894002
##ov,0.0011648223645894002
##illo,0.0005824111822947001
controlled,0.0026208503203261502
cho,0.00145602795573675
##pra,0.004076878276062901
##mer,0.0005824111822947001
passes,0.0005824111822947001
##former,0.0005824111822947001
occasional,0.0011648223645894002
rarely,0.0005824111822947001
partner,0.0005824111822947001
sister,0.0011648223645894002
health,0.0017472335468841002
alzheimer,0.0005824111822947001
uncertain,0.0017472335468841002
cause,0.0026208503203261502
##ore,0.00145602795573675
##xia,0.0008736167734420501
deficit,0.0008736167734420501
hearing,0.0011648223645894002
vision,0.00145602795573675
taste,0.0005824111822947001
##hino,0.0005824111822947001
##rr,0.00145602795573675
##ul,0.0008736167734420501
##put,0.0008736167734420501
##uri,0.00145602795573675
##sy,0.00145602795573675
##mity,0.0008736167734420501
men,0.00145602795573675
##tation,0.0005824111822947001
altered,0.0011648223645894002
sensation,0.0011648223645894002
anxiety,0.0023296447291788003
97,0.004076878276062901
##atic,0.0020384391380314504
105,0.0017472335468841002
done,0.0005824111822947001
##bes,0.0023296447291788003
man,0.0023296447291788003
resting,0.0011648223645894002
numerous,0.00029120559114735004
tags,0.0005824111822947001
cherry,0.0005824111822947001
trunk,0.0011648223645894002
moist,0.0011648223645894002
membrane,0.0008736167734420501
##hem,0.0008736167734420501
##rush,0.0005824111822947001
injection,0.0017472335468841002
##pable,0.0008736167734420501
upon,0.0011648223645894002
##bound,0.0020384391380314504
##sten,0.0008736167734420501
##sion,0.0005824111822947001
ankle,0.0032032615026208505
##usions,0.0008736167734420501
##du,0.0011648223645894002
##stal,0.00145602795573675
lateral,0.0017472335468841002
leg,0.0023296447291788003
##use,0.0020384391380314504
diameter,0.0005824111822947001
slightly,0.004659289458357601
delayed,0.0011648223645894002
responses,0.0005824111822947001
mental,0.0023296447291788003
verbal,0.0005824111822947001
language,0.0005824111822947001
com,0.0017472335468841002
##rehension,0.0005824111822947001
##tag,0.0005824111822947001
##mus,0.0011648223645894002
hand,0.0017472335468841002
##rip,0.0011648223645894002
##ceps,0.0008736167734420501
##uad,0.0005824111822947001
gas,0.0049504950495049506
ant,0.0005824111822947001
##ibi,0.0005824111822947001
##alis,0.0005824111822947001
touch,0.0026208503203261502
##ella,0.0008736167734420501
##les,0.0037856726849155504
bra,0.0011648223645894002
##ora,0.00145602795573675
##dial,0.0011648223645894002
going,0.0023296447291788003
##ait,0.0008736167734420501
141,0.0005824111822947001
32,0.004659289458357601
waves,0.0032032615026208505
secondary,0.0011648223645894002
stab,0.0005824111822947001
##ilized,0.0005824111822947001
office,0.0005824111822947001
either,0.0011648223645894002
better,0.0017472335468841002
##tically,0.0005824111822947001
poorly,0.0011648223645894002
##pped,0.0008736167734420501
probably,0.0005824111822947001
##eval,0.0005824111822947001
##uated,0.0005824111822947001
causes,0.0017472335468841002
##pot,0.0011648223645894002
##hy,0.0037856726849155504
##ism,0.0026208503203261502
somewhat,0.0023296447291788003
response,0.0017472335468841002
confirm,0.0005824111822947001
probable,0.0005824111822947001
diagnosis,0.0011648223645894002
resulting,0.0011648223645894002
deficiency,0.0005824111822947001
##fused,0.0008736167734420501
prefers,0.0005824111822947001
unless,0.0005824111822947001
necessary,0.0023296447291788003
slight,0.0011648223645894002
##ens,0.0008736167734420501
high,0.0037856726849155504
indicating,0.0005824111822947001
depleted,0.0005824111822947001
adequately,0.0005824111822947001
##rated,0.0017472335468841002
correct,0.0005824111822947001
unlikely,0.0017472335468841002
first,0.0034944670937682005
##lee,0.0005824111822947001
##fuse,0.0008736167734420501
##cs,0.0008736167734420501
##sent,0.0008736167734420501
cross,0.0008736167734420501
large,0.0037856726849155504
bore,0.0005824111822947001
rapid,0.0005824111822947001
##sus,0.0005824111822947001
##citation,0.0005824111822947001
needed,0.0011648223645894002
watch,0.0005824111822947001
signs,0.0037856726849155504
rule,0.0034944670937682005
en,0.0023296447291788003
##zy,0.0005824111822947001
##mes,0.0008736167734420501
monitor,0.0023296447291788003
##tensive,0.0011648223645894002
##25,0.0017472335468841002
katie,0.0005824111822947001
mitchell,0.0011648223645894002
##16,0.0011648223645894002
evelyn,0.0005824111822947001
michael,0.0005824111822947001
##are,0.0005824111822947001
taken,0.0017472335468841002
camille,0.0005824111822947001
dodd,0.0005824111822947001
mv,0.0029120559114735
brief,0.0011648223645894002
##ks,0.0011648223645894002
feeling,0.0026208503203261502
tired,0.0011648223645894002
gain,0.0005824111822947001
approximately,0.004076878276062901
days,0.008153756552125802
increased,0.00902737332556785
addition,0.0005824111822947001
four,0.0034944670937682005
reduced,0.0005824111822947001
kitchen,0.0005824111822947001
leaning,0.0005824111822947001
counter,0.0005824111822947001
top,0.0023296447291788003
hot,0.0011648223645894002
turning,0.0005824111822947001
began,0.0017472335468841002
fall,0.0005824111822947001
room,0.0017472335468841002
catch,0.0005824111822947001
actually,0.0005824111822947001
fell,0.0017472335468841002
seemed,0.0005824111822947001
awake,0.0005824111822947001
responding,0.0005824111822947001
##nce,0.00145602795573675
approx,0.0017472335468841002
seconds,0.0005824111822947001
came,0.0023296447291788003
remember,0.0017472335468841002
aura,0.0005824111822947001
##dom,0.0011648223645894002
##mt,0.0005824111822947001
brought,0.0011648223645894002
initial,0.0011648223645894002
##rin,0.0026208503203261502
along,0.0011648223645894002
many,0.0020384391380314504
congestion,0.00145602795573675
eventually,0.0005824111822947001
floor,0.0023296447291788003
condition,0.0005824111822947001
jude,0.0005824111822947001
valve,0.0037856726849155504
##cine,0.0011648223645894002
##lf,0.0017472335468841002
##ction,0.0029120559114735
##bos,0.0005824111822947001
89,0.0032032615026208505
##vc,0.00145602795573675
63,0.0020384391380314504
##dy,0.00145602795573675
##lasia,0.0005824111822947001
##inal,0.0017472335468841002
##ge,0.0020384391380314504
##mina,0.0005824111822947001
##gia,0.0020384391380314504
##tina,0.0005824111822947001
##lusion,0.0008736167734420501
repair,0.0005824111822947001
pace,0.00145602795573675
##maker,0.0005824111822947001
bio,0.0005824111822947001
##the,0.0005824111822947001
##hetic,0.0005824111822947001
mit,0.00145602795573675
##ral,0.004076878276062901
position,0.0011648223645894002
seated,0.0005824111822947001
##rium,0.0005824111822947001
##lated,0.0011648223645894002
restricted,0.0005824111822947001
leaf,0.0005824111822947001
opening,0.0005824111822947001
##vu,0.0005824111822947001
gradient,0.0008736167734420501
mean,0.0005824111822947001
sq,0.0005824111822947001
calculated,0.0005824111822947001
continuity,0.0005824111822947001
equation,0.0005824111822947001
dimension,0.0005824111822947001
velocity,0.0011648223645894002
obtained,0.0011648223645894002
##pical,0.00145602795573675
chamber,0.0005824111822947001
ins,0.00145602795573675
##uff,0.0008736167734420501
##iciency,0.0008736167734420501
cavity,0.0005824111822947001
size,0.0032032615026208505
small,0.0049504950495049506
##to,0.0029120559114735
function,0.0026208503203261502
within,0.004368083867210251
limits,0.0005824111822947001
symmetric,0.0020384391380314504
obvious,0.0005824111822947001
wall,0.0032032615026208505
motion,0.0005824111822947001
abnormal,0.0026208503203261502
##ities,0.0020384391380314504
estimated,0.0005824111822947001
##jection,0.0005824111822947001
fraction,0.0005824111822947001
nm,0.0005824111822947001
vessels,0.00145602795573675
##ede,0.0005824111822947001
##azi,0.0011648223645894002
kc,0.0011648223645894002
vera,0.0008736167734420501
##pa,0.004076878276062901
sr,0.0011648223645894002
les,0.0011648223645894002
plus,0.0017472335468841002
every,0.0005824111822947001
##fen,0.0020384391380314504
ultra,0.00145602795573675
##xe,0.0017472335468841002
##az,0.0011648223645894002
fi,0.0049504950495049506
##ber,0.0005824111822947001
##tive,0.0005824111822947001
##hale,0.0005824111822947001
pu,0.0032032615026208505
##osa,0.0005824111822947001
##max,0.0005824111822947001
##week,0.0005824111822947001
##bie,0.0005824111822947001
##hs,0.004076878276062901
ty,0.0011648223645894002
##len,0.0005824111822947001
##yr,0.0011648223645894002
##tec,0.0005824111822947001
widow,0.0005824111822947001
living,0.0011648223645894002
july,0.0005824111822947001
alcohol,0.0029120559114735
##icit,0.00145602795573675
drug,0.0005824111822947001
use,0.0029120559114735
unknown,0.0032032615026208505
primary,0.0011648223645894002
older,0.0005824111822947001
vita,0.0023296447291788003
##ous,0.0029120559114735
crack,0.0011648223645894002
way,0.0011648223645894002
blowing,0.0005824111822947001
##res,0.0011648223645894002
##cend,0.0008736167734420501
##cre,0.00145602795573675
usb,0.0005824111822947001
##yal,0.0005824111822947001
cast,0.0008736167734420501
##pf,0.0005824111822947001
##qua,0.0011648223645894002
##mous,0.0005824111822947001
cell,0.0032032615026208505
##pecific,0.0005824111822947001
screen,0.0008736167734420501
##tones,0.0011648223645894002
trace,0.0020384391380314504
pending,0.004076878276062901
consolidation,0.00145602795573675
morphology,0.00145602795573675
##ris,0.0005824111822947001
sudden,0.00145602795573675
warning,0.0005824111822947001
##iol,0.0011648223645894002
##ogies,0.0008736167734420501
load,0.0005824111822947001
setting,0.006115317414094351
perhaps,0.0005824111822947001
intake,0.0011648223645894002
dependent,0.0023296447291788003
##load,0.0008736167734420501
##cess,0.0020384391380314504
##itate,0.0005824111822947001
##rog,0.0011648223645894002
##ating,0.0005824111822947001
part,0.0011648223645894002
might,0.0005824111822947001
playing,0.0005824111822947001
role,0.0011648223645894002
assess,0.004659289458357601
ep,0.0005824111822947001
keep,0.0011648223645894002
least,0.0023296447291788003
overnight,0.0017472335468841002
pay,0.0005824111822947001
attention,0.0005824111822947001
carries,0.0005824111822947001
##lm,0.0017472335468841002
careful,0.00145602795573675
ten,0.0020384391380314504
##ple,0.0017472335468841002
prop,0.0029120559114735
boots,0.0005824111822947001
kevin,0.0005824111822947001
henry,0.0011648223645894002
490,0.0005824111822947001
##stra,0.0011648223645894002
##nder,0.0005824111822947001
##15,0.00145602795573675
barron,0.0011648223645894002
##lap,0.0005824111822947001
progressive,0.0005824111822947001
longer,0.0005824111822947001
block,0.0017472335468841002
whereas,0.0005824111822947001
yards,0.0005824111822947001
wanted,0.0005824111822947001
wakes,0.0008736167734420501
da,0.0011648223645894002
##ngle,0.0005824111822947001
side,0.0026208503203261502
noticed,0.0005824111822947001
quite,0.0023296447291788003
swollen,0.0005824111822947001
additionally,0.0011648223645894002
trouble,0.0005824111822947001
lay,0.0005824111822947001
new,0.004659289458357601
##tial,0.0005824111822947001
114,0.0005824111822947001
117,0.0005824111822947001
liter,0.0005824111822947001
fur,0.0005824111822947001
##ose,0.0011648223645894002
125,0.0011648223645894002
##lume,0.0005824111822947001
##dr,0.0023296447291788003
returned,0.0005824111822947001
76,0.0034944670937682005
##gall,0.0005824111822947001
restless,0.0005824111822947001
legs,0.0011648223645894002
65,0.0017472335468841002
abuse,0.0011648223645894002
##ule,0.0026208503203261502
reduction,0.0005824111822947001
fix,0.0005824111822947001
radius,0.0005824111822947001
second,0.0017472335468841002
meta,0.0011648223645894002
##pop,0.0011648223645894002
##hala,0.0005824111822947001
##nge,0.0005824111822947001
fracture,0.0011648223645894002
##da,0.0023296447291788003
contributor,0.0005824111822947001
smoke,0.0026208503203261502
drink,0.0017472335468841002
vi,0.0005824111822947001
142,0.0011648223645894002
##17,0.004076878276062901
toxic,0.0011648223645894002
##ju,0.0005824111822947001
##gu,0.0017472335468841002
radiating,0.0011648223645894002
##lla,0.0011648223645894002
##rack,0.0005824111822947001
189,0.0005824111822947001
##ded,0.00145602795573675
##ab,0.00553290623179965
gross,0.0011648223645894002
fin,0.00145602795573675
nose,0.0011648223645894002
183,0.004076878276062901
##ist,0.0005824111822947001
##ries,0.0005824111822947001
131,0.0017472335468841002
ga,0.0005824111822947001
min,0.0017472335468841002
##nor,0.0005824111822947001
##mal,0.0011648223645894002
african,0.0005824111822947001
american,0.0005824111822947001
result,0.0005824111822947001
107,0.0017472335468841002
##65,0.0005824111822947001
254,0.0005824111822947001
237,0.0005824111822947001
detail,0.0020384391380314504
205,0.0005824111822947001
07,0.0011648223645894002
##ld,0.0020384391380314504
##det,0.0005824111822947001
##minate,0.0005824111822947001
versus,0.0005824111822947001
fr,0.0005824111822947001
##quent,0.0005824111822947001
##ior,0.0005824111822947001
prolonged,0.00145602795573675
onset,0.0029120559114735
favor,0.0005824111822947001
although,0.004076878276062901
features,0.0005824111822947001
widely,0.0005824111822947001
fact,0.0005824111822947001
mildly,0.0011648223645894002
##athy,0.0008736167734420501
##rg,0.0011648223645894002
##itation,0.0005824111822947001
moderate,0.0011648223645894002
impressive,0.0005824111822947001
another,0.0020384391380314504
possibility,0.0020384391380314504
alcoholic,0.0005824111822947001
question,0.0017472335468841002
diabetes,0.0023296447291788003
##11,0.0032032615026208505
cap,0.00145602795573675
##top,0.0011648223645894002
fluid,0.004368083867210251
restriction,0.0005824111822947001
fat,0.0017472335468841002
depressed,0.0005824111822947001
beta,0.0023296447291788003
##cton,0.0005824111822947001
##stance,0.0005824111822947001
obtain,0.0032032615026208505
johnson,0.0005824111822947001
cigarettes,0.0005824111822947001
##eva,0.0005824111822947001
fast,0.00145602795573675
sliding,0.0011648223645894002
scale,0.0017472335468841002
insulin,0.005824111822947
lip,0.0026208503203261502
panel,0.0023296447291788003
##less,0.00145602795573675
till,0.0005824111822947001
treating,0.0005824111822947001
##ate,0.0011648223645894002
##rag,0.0005824111822947001
##min,0.0023296447291788003
##ow,0.0017472335468841002
##lace,0.0005824111822947001
##nna,0.0005824111822947001
ivory,0.0005824111822947001
grace,0.0005824111822947001
cottage,0.0005824111822947001
vaughn,0.0026208503203261502
frank,0.0008736167734420501
##10,0.0008736167734420501
##uli,0.0017472335468841002
pan,0.0029120559114735
##nus,0.0023296447291788003
##nier,0.0008736167734420501
gang,0.0011648223645894002
##rene,0.0020384391380314504
##ments,0.0008736167734420501
discharged,0.0017472335468841002
returns,0.0005824111822947001
complaining,0.0005824111822947001
vomit,0.00145602795573675
become,0.0005824111822947001
particular,0.0011648223645894002
300,0.0008736167734420501
output,0.00145602795573675
##tero,0.0023296447291788003
##lem,0.0011648223645894002
irrigation,0.0005824111822947001
eu,0.0005824111822947001
##rol,0.00145602795573675
##cci,0.0011648223645894002
release,0.00145602795573675
##der,0.0026208503203261502
##pl,0.0005824111822947001
##ame,0.0005824111822947001
double,0.0011648223645894002
##gth,0.0005824111822947001
##don,0.0005824111822947001
##hl,0.0005824111822947001
##nat,0.0005824111822947001
##tras,0.0005824111822947001
##ence,0.0005824111822947001
##raphic,0.0005824111822947001
tech,0.0005824111822947001
##logist,0.0005824111822947001
186,0.0005824111822947001
##erated,0.0005824111822947001
folds,0.0005824111822947001
flu,0.0005824111822947001
##uan,0.0005824111822947001
##pation,0.0020384391380314504
##mated,0.0005824111822947001
manual,0.0005824111822947001
##ig,0.0005824111822947001
236,0.0005824111822947001
lac,0.0005824111822947001
##cid,0.0029120559114735
fields,0.0005824111822947001
##vis,0.0011648223645894002
inflammatory,0.0011648223645894002
strand,0.0005824111822947001
##gene,0.00145602795573675
anterior,0.0049504950495049506
extending,0.0005824111822947001
drain,0.0005824111822947001
collection,0.0008736167734420501
pockets,0.0005824111822947001
thick,0.00145602795573675
##ening,0.00145602795573675
overly,0.0005824111822947001
posts,0.0005824111822947001
##urg,0.0005824111822947001
##ical,0.0011648223645894002
scar,0.0017472335468841002
sur,0.0017472335468841002
##gical,0.00145602795573675
##tures,0.0005824111822947001
superficial,0.0005824111822947001
tissue,0.0011648223645894002
##cut,0.0008736167734420501
##aneous,0.0008736167734420501
larger,0.0005824111822947001
study,0.0011648223645894002
measuring,0.0005824111822947001
##rative,0.0008736167734420501
##umba,0.0005824111822947001
spine,0.0011648223645894002
##ced,0.0017472335468841002
lid,0.0008736167734420501
##aine,0.0008736167734420501
##fi,0.0020384391380314504
made,0.0011648223645894002
##lent,0.0011648223645894002
expressed,0.0011648223645894002
probe,0.0005824111822947001
gently,0.0005824111822947001
break,0.0005824111822947001
##cula,0.0005824111822947001
##tions,0.0005824111822947001
packed,0.0011648223645894002
188,0.0005824111822947001
inch,0.0005824111822947001
packing,0.0011648223645894002
tape,0.0005824111822947001
##ile,0.0017472335468841002
dressing,0.0023296447291788003
applied,0.0005824111822947001
procedure,0.0011648223645894002
drained,0.0005824111822947001
##biotics,0.0011648223645894002
monitoring,0.0026208503203261502
lang,0.00145602795573675
senior,0.0017472335468841002
resident,0.0026208503203261502
##mani,0.0005824111822947001
##lev,0.0005824111822947001
##lid,0.0020384391380314504
flag,0.0008736167734420501
##yl,0.0020384391380314504
cultures,0.0026208503203261502
pseudo,0.0005824111822947001
sensitive,0.0011648223645894002
exams,0.0005824111822947001
spread,0.0005824111822947001
discussed,0.0011648223645894002
wesley,0.0005824111822947001
##eves,0.0005824111822947001
susan,0.0011648223645894002
##yes,0.0005824111822947001
##ns,0.0023296447291788003
jenkins,0.0005824111822947001
155,0.0005824111822947001
##42,0.0011648223645894002
brittany,0.0005824111822947001
prince,0.0017472335468841002
haley,0.0005824111822947001
##off,0.0005824111822947001
records,0.0011648223645894002
##im,0.0017472335468841002
##chia,0.00145602795573675
##icidal,0.0005824111822947001
idea,0.0005824111822947001
psychiatrist,0.0005824111822947001
arranged,0.0005824111822947001
campus,0.0005824111822947001
security,0.0005824111822947001
##ms,0.0023296447291788003
appointment,0.0011648223645894002
arrived,0.0005824111822947001
expectation,0.0005824111822947001
discussing,0.0005824111822947001
##fill,0.0011648223645894002
##lex,0.0005824111822947001
unable,0.0011648223645894002
take,0.0005824111822947001
expired,0.0005824111822947001
prescription,0.0005824111822947001
documents,0.0005824111822947001
discussion,0.0011648223645894002
tear,0.0005824111822947001
##ful,0.0017472335468841002
emotional,0.0005824111822947001
describing,0.0005824111822947001
##dos,0.0005824111822947001
hundred,0.0005824111822947001
pills,0.0005824111822947001
concern,0.00145602795573675
imminent,0.0005824111822947001
danger,0.0005824111822947001
section,0.0005824111822947001
completed,0.0005824111822947001
admit,0.0011648223645894002
##bia,0.0005824111822947001
strong,0.0005824111822947001
desire,0.0005824111822947001
avoid,0.0011648223645894002
mind,0.0005824111822947001
realized,0.0005824111822947001
soon,0.0011648223645894002
husband,0.0032032615026208505
threatening,0.0005824111822947001
released,0.0005824111822947001
prison,0.0005824111822947001
moreover,0.0005824111822947001
taking,0.0032032615026208505
medications,0.0023296447291788003
checking,0.0017472335468841002
intent,0.0005824111822947001
improving,0.0017472335468841002
evaluate,0.0011648223645894002
impending,0.0005824111822947001
issues,0.0017472335468841002
##oms,0.0005824111822947001
##nose,0.0005824111822947001
previously,0.0032032615026208505
oral,0.0017472335468841002
lost,0.00145602795573675
lbs,0.00145602795573675
require,0.0005824111822947001
##bu,0.00145602795573675
286,0.0005824111822947001
mal,0.0005824111822947001
ratio,0.0011648223645894002
los,0.0005824111822947001
##art,0.0005824111822947001
##rima,0.0005824111822947001
##rily,0.0005824111822947001
fen,0.0005824111822947001
##ib,0.0029120559114735
butt,0.0005824111822947001
##ock,0.0005824111822947001
##oll,0.0005824111822947001
improve,0.0011648223645894002
surgical,0.0005824111822947001
closure,0.0005824111822947001
followed,0.0017472335468841002
closely,0.0005824111822947001
improvements,0.0005824111822947001
col,0.0020384391380314504
recovery,0.0005824111822947001
underwent,0.0023296447291788003
surrounding,0.0011648223645894002
relieve,0.0005824111822947001
##besity,0.0017472335468841002
weighs,0.0005824111822947001
##ste,0.0017472335468841002
##firmed,0.0005824111822947001
##uni,0.0017472335468841002
breakfast,0.0017472335468841002
dinner,0.0017472335468841002
170,0.0005824111822947001
171,0.0005824111822947001
201,0.0005824111822947001
greater,0.0005824111822947001
##table,0.0005824111822947001
##au,0.0017472335468841002
##pu,0.0011648223645894002
former,0.00145602795573675
vehicle,0.0005824111822947001
##ling,0.0011648223645894002
##visor,0.0005824111822947001
publishing,0.0005824111822947001
manager,0.0005824111822947001
marijuana,0.0005824111822947001
headed,0.0008736167734420501
drainage,0.0011648223645894002
126,0.0017472335468841002
erosion,0.0005824111822947001
delay,0.0005824111822947001
##vic,0.0011648223645894002
##ales,0.0005824111822947001
tap,0.0005824111822947001
mid,0.0037856726849155504
##llar,0.0005824111822947001
brown,0.0017472335468841002
bag,0.0005824111822947001
properly,0.0005824111822947001
secured,0.0005824111822947001
focal,0.0032032615026208505
place,0.0011648223645894002
compared,0.0023296447291788003
descriptions,0.0005824111822947001
continuing,0.0020384391380314504
##red,0.0005824111822947001
219,0.0011648223645894002
64,0.00145602795573675
118,0.0005824111822947001
drugs,0.0032032615026208505
included,0.0011648223645894002
limit,0.0008736167734420501
ethan,0.0005824111822947001
##ano,0.0011648223645894002
##han,0.0005824111822947001
ace,0.0017472335468841002
##ino,0.0017472335468841002
##phe,0.0032032615026208505
lam,0.0005824111822947001
##rig,0.0011648223645894002
sal,0.0005824111822947001
##yla,0.0011648223645894002
##bit,0.0017472335468841002
##bar,0.0011648223645894002
oh,0.0005824111822947001
##lut,0.0005824111822947001
##eth,0.0023296447291788003
1000,0.0037856726849155504
##lam,0.0011648223645894002
##lord,0.0008736167734420501
##alk,0.0005824111822947001
##raze,0.0008736167734420501
diaz,0.0005824111822947001
##do,0.0005824111822947001
##lone,0.0011648223645894002
nord,0.0011648223645894002
##raz,0.0017472335468841002
##one,0.0029120559114735
##nir,0.0005824111822947001
##amine,0.0005824111822947001
##roma,0.0005824111822947001
##zine,0.0023296447291788003
##mine,0.0017472335468841002
##za,0.0017472335468841002
coca,0.00145602795573675
##yle,0.0005824111822947001
cy,0.0011648223645894002
##ben,0.0005824111822947001
##hed,0.0005824111822947001
##hyl,0.0011648223645894002
##ser,0.0005824111822947001
dex,0.0005824111822947001
##trom,0.0005824111822947001
##nh,0.0005824111822947001
##py,0.0017472335468841002
##pin,0.0005824111822947001
##eti,0.0011648223645894002
map,0.0005824111822947001
##per,0.0008736167734420501
##ida,0.0005824111822947001
##had,0.0005824111822947001
norma,0.0005824111822947001
450,0.0005824111822947001
##ver,0.0011648223645894002
##apa,0.0005824111822947001
##hi,0.0005824111822947001
##ori,0.0011648223645894002
##xin,0.0008736167734420501
##tamine,0.0005824111822947001
##ham,0.0005824111822947001
bar,0.0005824111822947001
##ura,0.0005824111822947001
benz,0.0005824111822947001
##iate,0.0005824111822947001
##ency,0.0005824111822947001
##bino,0.0005824111822947001
color,0.0020384391380314504
yellow,0.0011648223645894002
##bil,0.0005824111822947001
evaluated,0.0023296447291788003
near,0.0005824111822947001
##rum,0.0011648223645894002
fine,0.0017472335468841002
tuned,0.0005824111822947001
via,0.0011648223645894002
##patient,0.0011648223645894002
basis,0.0005824111822947001
managed,0.0017472335468841002
appropriately,0.0005824111822947001
##block,0.0008736167734420501
caused,0.0011648223645894002
even,0.0005824111822947001
benefit,0.0005824111822947001
restart,0.0011648223645894002
##pid,0.0008736167734420501
appointments,0.0005824111822947001
improvement,0.0011648223645894002
recommendations,0.0005824111822947001
refusing,0.0005824111822947001
eat,0.0011648223645894002
meal,0.0005824111822947001
half,0.0011648223645894002
outline,0.0005824111822947001
list,0.0005824111822947001
concentrated,0.0005824111822947001
sweet,0.0005824111822947001
profile,0.0005824111822947001
reflex,0.0005824111822947001
soaked,0.0005824111822947001
##pressive,0.0005824111822947001
case,0.0005824111822947001
hector,0.0005824111822947001
bennett,0.0005824111822947001
ulysses,0.0005824111822947001
ju,0.0005824111822947001
##rado,0.0005824111822947001
##21,0.0020384391380314504
walton,0.0005824111822947001
levi,0.0005824111822947001
255,0.0005824111822947001
paul,0.0005824111822947001
egg,0.0005824111822947001
##ton,0.0005824111822947001
##mans,0.0005824111822947001
yesterday,0.0011648223645894002
evening,0.0005824111822947001
around,0.0029120559114735
dull,0.0011648223645894002
pits,0.0005824111822947001
apart,0.0005824111822947001
radiation,0.0029120559114735
gets,0.0017472335468841002
##arm,0.0005824111822947001
twice,0.0005824111822947001
usually,0.0005824111822947001
relieved,0.00145602795573675
##eve,0.0005824111822947001
bought,0.0005824111822947001
couple,0.0011648223645894002
later,0.0011648223645894002
became,0.0017472335468841002
dark,0.0005824111822947001
house,0.0011648223645894002
movement,0.0023296447291788003
darker,0.0005824111822947001
usual,0.0029120559114735
almost,0.0005824111822947001
looking,0.0005824111822947001
##pr,0.00145602795573675
fatigue,0.0017472335468841002
lava,0.0005824111822947001
performed,0.0011648223645894002
relatively,0.0005824111822947001
unchanged,0.0017472335468841002
subsequently,0.0005824111822947001
##ord,0.0011648223645894002
recall,0.0005824111822947001
rca,0.0020384391380314504
##luded,0.0005824111822947001
mp,0.0005824111822947001
##cor,0.0011648223645894002
leads,0.0017472335468841002
posterior,0.0005824111822947001
dj,0.0005824111822947001
shoulders,0.0017472335468841002
##cise,0.0011648223645894002
111,0.0005824111822947001
ate,0.0011648223645894002
##isi,0.0005824111822947001
##itor,0.0005824111822947001
walks,0.0005824111822947001
mall,0.0005824111822947001
mixed,0.0005824111822947001
drinks,0.0005824111822947001
vodka,0.0005824111822947001
anything,0.0005824111822947001
distress,0.0011648223645894002
##isk,0.0005824111822947001
##gs,0.0005824111822947001
##rre,0.0005824111822947001
tone,0.0011648223645894002
ing,0.00145602795573675
significantly,0.0005824111822947001
limited,0.0029120559114735
painful,0.0005824111822947001
102,0.0008736167734420501
index,0.0029120559114735
243,0.0005824111822947001
linear,0.0005824111822947001
bases,0.0005824111822947001
consistent,0.004076878276062901
##gment,0.0005824111822947001
##lect,0.0005824111822947001
##fied,0.0005824111822947001
##ural,0.0008736167734420501
plaque,0.0017472335468841002
##tos,0.0005824111822947001
exposure,0.0011648223645894002
##oth,0.0011648223645894002
##orax,0.00145602795573675
##ized,0.0017472335468841002
##sel,0.0005824111822947001
go,0.0023296447291788003
##und,0.0005824111822947001
##lana,0.0005824111822947001
consumption,0.0008736167734420501
suspect,0.00029120559114735004
may,0.004659289458357601
nsa,0.0005824111822947001
sources,0.0005824111822947001
duration,0.0011648223645894002
uncle,0.0011648223645894002
prompted,0.0005824111822947001
sample,0.0011648223645894002
unit,0.0011648223645894002
needs,0.0005824111822947001
tv,0.0005824111822947001
protection,0.0020384391380314504
immediate,0.0005824111822947001
##version,0.0005824111822947001
##coa,0.0005824111822947001
##lation,0.0008736167734420501
central,0.0020384391380314504
##et,0.0017472335468841002
##ump,0.0011648223645894002
reactive,0.0011648223645894002
john,0.0011648223645894002
kirk,0.0005824111822947001
213,0.0017472335468841002
##eck,0.0005824111822947001
303,0.0005824111822947001
##eh,0.0005824111822947001
patricia,0.0008736167734420501
source,0.0023296447291788003
ray,0.0011648223645894002
##ud,0.00145602795573675
os,0.0011648223645894002
occasionally,0.0011648223645894002
flights,0.0008736167734420501
stairs,0.0011648223645894002
known,0.0029120559114735
awoke,0.0005824111822947001
us,0.0005824111822947001
quickly,0.0017472335468841002
sharp,0.0008736167734420501
##cp,0.0005824111822947001
numb,0.0011648223645894002
sitting,0.0011648223645894002
quality,0.0005824111822947001
##ova,0.0017472335468841002
attack,0.0005824111822947001
laid,0.0005824111822947001
helped,0.0005824111822947001
little,0.0005824111822947001
gave,0.0011648223645894002
911,0.0005824111822947001
##ffs,0.0005824111822947001
effect,0.0017472335468841002
ambulance,0.0005824111822947001
closest,0.0005824111822947001
180,0.0005824111822947001
##any,0.0005824111822947001
relief,0.0011648223645894002
markers,0.0017472335468841002
1st,0.0005824111822947001
set,0.0017472335468841002
2nd,0.0005824111822947001
3rd,0.0005824111822947001
68,0.0011648223645894002
bundle,0.0005824111822947001
wide,0.0005824111822947001
progressed,0.0005824111822947001
deep,0.0005824111822947001
##loping,0.0005824111822947001
preceding,0.0011648223645894002
viral,0.0005824111822947001
surprises,0.0005824111822947001
life,0.0005824111822947001
212,0.0020384391380314504
interrupted,0.0005824111822947001
##titis,0.0005824111822947001
##ata,0.0005824111822947001
ventral,0.0005824111822947001
##nia,0.0017472335468841002
serum,0.0005824111822947001
sickness,0.0005824111822947001
##tus,0.0011648223645894002
##vat,0.0005824111822947001
newly,0.0005824111822947001
##zer,0.0011648223645894002
doc,0.0008736167734420501
##usa,0.0005824111822947001
##af,0.0005824111822947001
##dio,0.0005824111822947001
patch,0.0011648223645894002
##ester,0.0005824111822947001
240,0.0005824111822947001
##von,0.0011648223645894002
upset,0.0005824111822947001
problem,0.0005824111822947001
closed,0.0008736167734420501
married,0.0017472335468841002
retired,0.0017472335468841002
fire,0.0011648223645894002
##fighter,0.0005824111822947001
##rod,0.0011648223645894002
rub,0.00145602795573675
##dis,0.0005824111822947001
##tended,0.0005824111822947001
radial,0.0008736167734420501
alert,0.0011648223645894002
112,0.0005824111822947001
##ides,0.0008736167734420501
192,0.0005824111822947001
##bl,0.0005824111822947001
##sity,0.0005824111822947001
##rote,0.0005824111822947001
rat,0.0005824111822947001
reviewed,0.0005824111822947001
##ads,0.0011648223645894002
##eries,0.0008736167734420501
##sse,0.0011648223645894002
##rdi,0.0008736167734420501
##usion,0.00145602795573675
##vent,0.0005824111822947001
suggest,0.0037856726849155504
strain,0.0008736167734420501
par,0.0008736167734420501
largest,0.0005824111822947001
veins,0.0005824111822947001
filling,0.0005824111822947001
defects,0.0011648223645894002
##cd,0.0011648223645894002
horizontal,0.0005824111822947001
##lim,0.0008736167734420501
##ble,0.00145602795573675
include,0.0017472335468841002
spa,0.0005824111822947001
balloon,0.0017472335468841002
less,0.0020384391380314504
equal,0.0005824111822947001
element,0.0005824111822947001
borne,0.0005824111822947001
reveal,0.0005824111822947001
show,0.0011648223645894002
story,0.0011648223645894002
##ines,0.0005824111822947001
etc,0.0011648223645894002
dynamic,0.0005824111822947001
threshold,0.0005824111822947001
develops,0.0005824111822947001
##ii,0.0005824111822947001
##uk,0.0008736167734420501
spikes,0.0005824111822947001
dates,0.0005824111822947001
french,0.0005824111822947001
xu,0.0005824111822947001
hood,0.0005824111822947001
isabel,0.0005824111822947001
healthcare,0.0011648223645894002
center,0.0005824111822947001
providers,0.0005824111822947001
raymond,0.0005824111822947001
xi,0.00145602795573675
olivia,0.0008736167734420501
grant,0.0008736167734420501
female,0.0005824111822947001
initially,0.0017472335468841002
complaint,0.0005824111822947001
reported,0.0017472335468841002
anywhere,0.0005824111822947001
hour,0.0005824111822947001
stern,0.0008736167734420501
border,0.0008736167734420501
accompanied,0.0005824111822947001
tingling,0.0005824111822947001
digits,0.0011648223645894002
acted,0.0005824111822947001
interpreter,0.0005824111822947001
worst,0.0005824111822947001
route,0.0005824111822947001
accompany,0.0005824111822947001
relationship,0.0005824111822947001
occurred,0.0005824111822947001
##bula,0.0011648223645894002
##lining,0.0005824111822947001
building,0.0011648223645894002
difficult,0.0026208503203261502
calf,0.0011648223645894002
sleeping,0.0011648223645894002
number,0.0005824111822947001
varies,0.0005824111822947001
##bre,0.0005824111822947001
triggered,0.0005824111822947001
table,0.0008736167734420501
##cona,0.0011648223645894002
##mg,0.0029120559114735
##oso,0.0011648223645894002
din,0.0005824111822947001
originally,0.0005824111822947001
ha,0.0011648223645894002
##wley,0.0005824111822947001
puerto,0.0005824111822947001
rico,0.0005824111822947001
grandson,0.0005824111822947001
##time,0.0011648223645894002
prevention,0.0005824111822947001
##lai,0.0005824111822947001
sweating,0.0011648223645894002
issue,0.0005824111822947001
56,0.0020384391380314504
cooperative,0.0005824111822947001
##uda,0.0005824111822947001
##vable,0.0005824111822947001
##men,0.0011648223645894002
best,0.0005824111822947001
heard,0.0008736167734420501
voluntary,0.0005824111822947001
##hin,0.0005824111822947001
48,0.00145602795573675
##90,0.0011648223645894002
143,0.0005824111822947001
calculate,0.0005824111822947001
##lative,0.0005824111822947001
##34,0.0011648223645894002
##51,0.0005824111822947001
##19,0.0005824111822947001
protocol,0.0011648223645894002
reveals,0.0005824111822947001
complex,0.0005824111822947001
disc,0.00145602795573675
bones,0.0005824111822947001
intervals,0.0017472335468841002
elevations,0.0011648223645894002
##far,0.0017472335468841002
##rial,0.0005824111822947001
##gement,0.0005824111822947001
aden,0.0008736167734420501
##har,0.0011648223645894002
##cological,0.0005824111822947001
##ard,0.00145602795573675
##fusion,0.00145602795573675
intensity,0.0023296447291788003
primarily,0.0005824111822947001
fixed,0.0005824111822947001
##fer,0.0011648223645894002
##olate,0.0005824111822947001
defect,0.0023296447291788003
substantial,0.0011648223645894002
residual,0.0011648223645894002
viable,0.0005824111822947001
induced,0.0005824111822947001
apparent,0.0005824111822947001
success,0.0005824111822947001
cent,0.0011648223645894002
##nes,0.0005824111822947001
##br,0.0005824111822947001
unstable,0.0005824111822947001
maximum,0.0005824111822947001
advanced,0.0005824111822947001
guiding,0.0005824111822947001
##ibility,0.0005824111822947001
sets,0.0008736167734420501
scheduled,0.0011648223645894002
##gram,0.0005824111822947001
switched,0.0005824111822947001
testing,0.0005824111822947001
##mins,0.0005824111822947001
##ify,0.0005824111822947001
request,0.0005824111822947001
determine,0.0005824111822947001
##ase,0.0005824111822947001
##ati,0.0005824111822947001
continued,0.0005824111822947001
complaints,0.0008736167734420501
origin,0.0011648223645894002
elevation,0.0011648223645894002
linda,0.0005824111822947001
##ons,0.0011648223645894002
location,0.0017472335468841002
410,0.0005824111822947001
austin,0.0005824111822947001
lena,0.0005824111822947001
wyatt,0.0005824111822947001
covering,0.0005824111822947001
ward,0.0005824111822947001
rf,0.0008736167734420501
beginning,0.0011648223645894002
##ping,0.0011648223645894002
producing,0.0005824111822947001
bloody,0.0005824111822947001
complain,0.0008736167734420501
abdomen,0.0005824111822947001
increasingly,0.0005824111822947001
notices,0.0005824111822947001
association,0.0005824111822947001
eating,0.0005824111822947001
tried,0.0005824111822947001
sick,0.0005824111822947001
contacts,0.0005824111822947001
travel,0.00145602795573675
##sing,0.0005824111822947001
bus,0.0008736167734420501
##ffe,0.0005824111822947001
hu,0.0011648223645894002
tam,0.0005824111822947001
##yclic,0.0005824111822947001
##ants,0.0005824111822947001
##uke,0.0005824111822947001
##burn,0.0005824111822947001
sensor,0.0005824111822947001
##ions,0.00145602795573675
144,0.0005824111822947001
##ying,0.0005824111822947001
flesh,0.0005824111822947001
gal,0.0017472335468841002
##lops,0.0005824111822947001
##eran,0.0005824111822947001
shifting,0.0005824111822947001
percussion,0.0005824111822947001
cord,0.0005824111822947001
##ski,0.0005824111822947001
sign,0.0011648223645894002
absent,0.0005824111822947001
138,0.0005824111822947001
261,0.0005824111822947001
190,0.0005824111822947001
##cr,0.0005824111822947001
bc,0.0005824111822947001
##ocytes,0.0008736167734420501
##ono,0.0005824111822947001
portal,0.0005824111822947001
##ously,0.0005824111822947001
enhancing,0.0005824111822947001
representing,0.0008736167734420501
##sound,0.0008736167734420501
confirmation,0.0005824111822947001
##lston,0.0005824111822947001
##bla,0.0005824111822947001
##dder,0.0005824111822947001
liver,0.0005824111822947001
##nc,0.0011648223645894002
flattened,0.0005824111822947001
month,0.0011648223645894002
remarkable,0.0005824111822947001
significance,0.0005824111822947001
##flow,0.0005824111822947001
usage,0.0005824111822947001
##truct,0.0005824111822947001
##ption,0.0005824111822947001
secret,0.0011648223645894002
##ility,0.00145602795573675
inflammation,0.0005824111822947001
##mot,0.0005824111822947001
play,0.0005824111822947001
disorder,0.0005824111822947001
##ool,0.0005824111822947001
##kot,0.0005824111822947001
##ax,0.0017472335468841002
##lan,0.0005824111822947001
##psis,0.00145602795573675
##cia,0.0005824111822947001
input,0.0008736167734420501
##tter,0.0005824111822947001
##back,0.0005824111822947001
##cate,0.0005824111822947001
rani,0.0008736167734420501
##yn,0.0005824111822947001
breast,0.0005824111822947001
##tric,0.0011648223645894002
ran,0.0008736167734420501
bedside,0.0005824111822947001
vernon,0.0005824111822947001
ewing,0.0005824111822947001
##aya,0.0011648223645894002
brandon,0.0005824111822947001
um,0.0011648223645894002
##rey,0.0017472335468841002
##yo,0.00145602795573675
engaged,0.0005824111822947001
##nu,0.0005824111822947001
##cribe,0.0005824111822947001
carver,0.0005824111822947001
##tep,0.0005824111822947001
emerge,0.0005824111822947001
##bot,0.0005824111822947001
interventions,0.0005824111822947001
placed,0.0017472335468841002
ava,0.0005824111822947001
##ndi,0.0011648223645894002
lake,0.0005824111822947001
justice,0.0005824111822947001
peace,0.0005824111822947001
70s,0.0005824111822947001
aa,0.0005824111822947001
245,0.0005824111822947001
231,0.0005824111822947001
218,0.0005824111822947001
##pta,0.0008736167734420501
##ytic,0.0005824111822947001
intervened,0.0005824111822947001
monday,0.0005824111822947001
intervention,0.0023296447291788003
pauses,0.0005824111822947001
pacing,0.0005824111822947001
pads,0.0005824111822947001
##ars,0.0005824111822947001
charles,0.0005824111822947001
215,0.0011648223645894002
##uca,0.0005824111822947001
fargo,0.0005824111822947001
##35,0.0005824111822947001
west,0.0005824111822947001
dodge,0.0005824111822947001
giovanni,0.0005824111822947001
gabriel,0.0005824111822947001
##ke,0.0005824111822947001
keys,0.0005824111822947001
##tone,0.0005824111822947001
heights,0.0005824111822947001
presumed,0.0017472335468841002
jack,0.0005824111822947001
indonesian,0.0005824111822947001
canal,0.0005824111822947001
rc,0.0020384391380314504
nursing,0.0005824111822947001
lunch,0.0011648223645894002
briefly,0.0005824111822947001
checked,0.0011648223645894002
activated,0.0005824111822947001
90s,0.0005824111822947001
##uro,0.00145602795573675
##logical,0.0005824111822947001
##day,0.0005824111822947001
129,0.0017472335468841002
fluids,0.0005824111822947001
prominent,0.00145602795573675
##bas,0.0005824111822947001
##chor,0.0005824111822947001
drawn,0.0005824111822947001
productive,0.0005824111822947001
historian,0.0008736167734420501
##cal,0.0008736167734420501
2d,0.0005824111822947001
##ays,0.0005824111822947001
##mma,0.0005824111822947001
##having,0.0005824111822947001
adjustments,0.0005824111822947001
##oar,0.0005824111822947001
working,0.0005824111822947001
collar,0.0008736167734420501
214,0.0005824111822947001
##ron,0.0011648223645894002
remote,0.0005824111822947001
child,0.0005824111822947001
##ronic,0.0008736167734420501
##bo,0.0005824111822947001
##enia,0.0005824111822947001
650,0.0005824111822947001
##ali,0.0005824111822947001
##bal,0.0005824111822947001
##ydro,0.0005824111822947001
##man,0.0005824111822947001
##hima,0.0005824111822947001
##trate,0.0005824111822947001
##ye,0.0005824111822947001
##lene,0.0005824111822947001
mira,0.0005824111822947001
gm,0.0005824111822947001
agitation,0.0005824111822947001
normally,0.0005824111822947001
apartment,0.0005824111822947001
##erer,0.0005824111822947001
##ificant,0.0005824111822947001
##vers,0.0005824111822947001
wearing,0.0005824111822947001
##reased,0.0005824111822947001
appreciated,0.0005824111822947001
knew,0.0005824111822947001
sensory,0.0005824111822947001
##nl,0.0005824111822947001
photo,0.0005824111822947001
##obia,0.0005824111822947001
184,0.0005824111822947001
##light,0.0008736167734420501
brain,0.0008736167734420501
extra,0.0005824111822947001
##xial,0.0005824111822947001
shift,0.0005824111822947001
##hage,0.0005824111822947001
##ific,0.0011648223645894002
white,0.0011648223645894002
matter,0.0005824111822947001
generalized,0.0005824111822947001
##chang,0.0005824111822947001
nasal,0.0005824111822947001
marked,0.0005824111822947001
suggesting,0.0005824111822947001
##ged,0.0005824111822947001
represent,0.0005824111822947001
##oid,0.0005824111822947001
tissues,0.0005824111822947001
six,0.0005824111822947001
##fluenza,0.00029120559114735004
findings,0.0011648223645894002
##acity,0.0005824111822947001
terms,0.0005824111822947001
drop,0.0005824111822947001
##lution,0.0005824111822947001
##fect,0.0005824111822947001
infectious,0.0005824111822947001
challenge,0.0005824111822947001
picture,0.0005824111822947001
added,0.0005824111822947001
tomorrow,0.0011648223645894002
howard,0.0005824111822947001
##ong,0.0005824111822947001
1773,0.0005824111822947001
nathan,0.0005824111822947001
##wood,0.0011648223645894002
fellow,0.0011648223645894002
godfrey,0.0005824111822947001
sanders,0.0005824111822947001
junior,0.0011648223645894002
##ford,0.0008736167734420501
##graphy,0.0005824111822947001
allowed,0.0005824111822947001
drift,0.0005824111822947001
pop,0.0011648223645894002
retention,0.0005824111822947001
##onic,0.0005824111822947001
self,0.0017472335468841002
##ias,0.0005824111822947001
alt,0.0005824111822947001
##bur,0.0005824111822947001
cream,0.0005824111822947001
foot,0.0011648223645894002
great,0.0005824111822947001
toe,0.0011648223645894002
##lang,0.0005824111822947001
##ximal,0.0005824111822947001
222,0.0005824111822947001
volumes,0.0005824111822947001
tessa,0.0005824111822947001
phd,0.0005824111822947001
crawford,0.0005824111822947001
patrick,0.0005824111822947001
##55,0.0005824111822947001
shawn,0.0008736167734420501
##rger,0.0005824111822947001
kathryn,0.0005824111822947001
grocery,0.0005824111822947001
store,0.00145602795573675
shop,0.0005824111822947001
sisters,0.00145602795573675
consciousness,0.0008736167734420501
ground,0.0008736167734420501
said,0.0011648223645894002
perfectly,0.0005824111822947001
humid,0.0008736167734420501
sweaty,0.0008736167734420501
finishing,0.0005824111822947001
shopping,0.0005824111822947001
put,0.0005824111822947001
key,0.0011648223645894002
##hole,0.0005824111822947001
according,0.0005824111822947001
witnesses,0.0005824111822947001
scene,0.0005824111822947001
##rring,0.0005824111822947001
##igo,0.0008736167734420501
amount,0.0011648223645894002
notice,0.0005824111822947001
complained,0.0005824111822947001
walked,0.0005824111822947001
##lau,0.0011648223645894002
##ny,0.0005824111822947001
agent,0.0005824111822947001
##mont,0.0005824111822947001
ever,0.0005824111822947001
lobes,0.0005824111822947001
hip,0.0005824111822947001
replacement,0.0005824111822947001
always,0.0005824111822947001
big,0.0005824111822947001
flare,0.0005824111822947001
tears,0.0005824111822947001
eye,0.0005824111822947001
drops,0.0005824111822947001
late,0.0005824111822947001
alpha,0.0005824111822947001
##gan,0.0005824111822947001
owens,0.0005824111822947001
##boro,0.0005824111822947001
live,0.0005824111822947001
##vor,0.0005824111822947001
different,0.0005824111822947001
graphic,0.0005824111822947001
designer,0.0005824111822947001
used,0.0017472335468841002
heavy,0.0005824111822947001
beer,0.0005824111822947001
glass,0.0005824111822947001
wine,0.0005824111822947001
##sitive,0.0005824111822947001
comfortable,0.0005824111822947001
talking,0.0005824111822947001
sentences,0.0005824111822947001
pupils,0.0005824111822947001
##des,0.0005824111822947001
##icular,0.0005824111822947001
apex,0.0005824111822947001
plant,0.0005824111822947001
##fle,0.0011648223645894002
##sation,0.0005824111822947001
cbc,0.0005824111822947001
##rani,0.0011648223645894002
process,0.0011648223645894002
##genic,0.00145602795573675
considering,0.0011648223645894002
presence,0.0005824111822947001
##dra,0.0005824111822947001
evidenced,0.0005824111822947001
##gic,0.0005824111822947001
witnessed,0.0005824111822947001
possibilities,0.0005824111822947001
others,0.0005824111822947001
stick,0.0011648223645894002
glucose,0.0005824111822947001
field,0.0005824111822947001
ruling,0.0005824111822947001
tel,0.0011648223645894002
detect,0.0005824111822947001
du,0.0005824111822947001
##plex,0.0005824111822947001
displays,0.0005824111822947001
seems,0.0005824111822947001
modification,0.0005824111822947001
rs,0.0005824111822947001
finger,0.0005824111822947001
falling,0.0005824111822947001
sensations,0.0005824111822947001
plain,0.0005824111822947001
films,0.0005824111822947001
nutrition,0.0011648223645894002
##pate,0.0005824111822947001
##70,0.0005824111822947001
choi,0.0011648223645894002
sherman,0.0011648223645894002
##ston,0.0008736167734420501
##ogist,0.0008736167734420501
calvin,0.0005824111822947001
##ull,0.0011648223645894002
kyle,0.0005824111822947001
increasing,0.0017472335468841002
unsure,0.0005824111822947001
climb,0.0005824111822947001
##bearable,0.0005824111822947001
finally,0.0005824111822947001
eva,0.0005824111822947001
summer,0.0005824111822947001
steep,0.0005824111822947001
hill,0.0005824111822947001
370,0.0005824111822947001
##00,0.0005824111822947001
pd,0.0011648223645894002
tend,0.0005824111822947001
avid,0.0005824111822947001
##list,0.0005824111822947001
##bis,0.0005824111822947001
vault,0.0005824111822947001
132,0.0005824111822947001
wet,0.0005824111822947001
markings,0.0005824111822947001
##ray,0.0005824111822947001
##vr,0.0005824111822947001
##rill,0.0005824111822947001
combination,0.0005824111822947001
##tem,0.0005824111822947001
therapy,0.00029120559114735004
terry,0.0005824111822947001
##23,0.0005824111822947001
##ring,0.0005824111822947001
february,0.0005824111822947001
##cum,0.0005824111822947001
revealed,0.0011648223645894002
patent,0.0005824111822947001
minute,0.0005824111822947001
##ual,0.0005824111822947001
ridge,0.0011648223645894002
associates,0.0005824111822947001
passed,0.0005824111822947001
returning,0.0005824111822947001
##oz,0.0005824111822947001
never,0.0005824111822947001
therapeutic,0.0005824111822947001
presumably,0.0005824111822947001
##static,0.0005824111822947001
##val,0.0005824111822947001
arch,0.0005824111822947001
##ivist,0.0005824111822947001
##jun,0.0005824111822947001
##aly,0.0005824111822947001
external,0.0005824111822947001
##tend,0.0005824111822947001
june,0.0005824111822947001
mouthed,0.0005824111822947001
practice,0.0005824111822947001
##idal,0.0005824111822947001
rather,0.0005824111822947001
thinner,0.0005824111822947001
##ind,0.0005824111822947001
important,0.0011648223645894002
adjust,0.0005824111822947001
recommend,0.0005824111822947001
proceeding,0.0005824111822947001
alter,0.0005824111822947001
required,0.0011648223645894002
larson,0.0005824111822947001
tammy,0.0005824111822947001
poll,0.0005824111822947001
##llo,0.0005824111822947001
disability,0.0005824111822947001
cerebral,0.0008736167734420501
##ture,0.0011648223645894002
computer,0.0008736167734420501
cognitive,0.0005824111822947001
expressive,0.00029120559114735004
impaired,0.0005824111822947001
##oto,0.0005824111822947001
evacuation,0.0011648223645894002
vp,0.0011648223645894002
##hun,0.0005824111822947001
kingsley,0.0005824111822947001
summary,0.0011648223645894002
indicates,0.0005824111822947001
step,0.0005824111822947001
attempts,0.0005824111822947001
communication,0.0005824111822947001
point,0.0005824111822947001
##well,0.0005824111822947001
august,0.0005824111822947001
constant,0.0005824111822947001
keeping,0.0005824111822947001
replaced,0.0005824111822947001
emergency,0.0005824111822947001
treated,0.0005824111822947001
telephone,0.0005824111822947001
yeast,0.0005824111822947001
##age,0.0011648223645894002
grew,0.0005824111822947001
abundant,0.0005824111822947001
##reus,0.0008736167734420501
provide,0.0005824111822947001
##su,0.0005824111822947001
trapping,0.0005824111822947001
clip,0.0005824111822947001
4th,0.0005824111822947001
##lli,0.0005824111822947001
hips,0.0005824111822947001
##zac,0.0005824111822947001
##ynth,0.0005824111822947001
rita,0.0005824111822947001
come,0.0011648223645894002
##rous,0.0008736167734420501
crust,0.0005824111822947001
eyelids,0.0005824111822947001
##ival,0.0005824111822947001
##uous,0.0005824111822947001
purpose,0.0005824111822947001
breathe,0.0005824111822947001
solely,0.0005824111822947001
##ang,0.0011648223645894002
face,0.0005824111822947001
chin,0.0005824111822947001
distinguish,0.0005824111822947001
simple,0.0005824111822947001
answer,0.0005824111822947001
squeeze,0.0005824111822947001
arms,0.0005824111822947001
##lad,0.0005824111822947001
amor,0.0005824111822947001
crystal,0.0005824111822947001
##nous,0.0005824111822947001
assessed,0.0005824111822947001
diffusion,0.0005824111822947001
##uation,0.0005824111822947001
areas,0.0005824111822947001
semi,0.0005824111822947001
##pathic,0.0005824111822947001
##group,0.0005824111822947001
compromised,0.0005824111822947001
alterations,0.0005824111822947001
##plication,0.0005824111822947001
contributing,0.0011648223645894002
##rose,0.0005824111822947001
contribute,0.0005824111822947001
particularly,0.0005824111822947001
true,0.0005824111822947001
##ogen,0.0005824111822947001
##ties,0.0005824111822947001
awaiting,0.0005824111822947001
##sen,0.0005824111822947001
assessing,0.0005824111822947001
sodium,0.0017472335468841002
higher,0.0005824111822947001
switch,0.0005824111822947001
requirements,0.0005824111822947001
feeds,0.0005824111822947001
requested,0.0005824111822947001
wendy,0.0005824111822947001
randolph,0.0005824111822947001
##50,0.0005824111822947001
